#define,=,<<,typedef,i,return,def,if,-,},{,static,using,let,mut,import,public,.,::,->,var,int,==,//,language,path
21,51,7,0,10,32,0,13,18,46,15,4,10,0,0,0,0,0,0,0,0,8,1,7,C++,data/train/C++/s876849274.cpp
17,15,16,12,12,1,0,0,0,3,5,7,1,0,0,0,0,0,0,0,0,8,0,0,C++,data/train/C++/s718513009.cpp
17,15,16,12,12,1,0,0,0,3,5,7,1,0,0,0,0,0,0,0,0,8,0,0,C++,data/train/C++/s343878263.cpp
17,15,16,12,12,1,0,0,0,3,5,7,1,0,0,0,0,0,0,0,0,8,0,0,C++,data/train/C++/s247524801.cpp
17,15,16,12,12,1,0,0,0,3,5,7,1,0,0,0,0,0,0,0,0,8,0,0,C++,data/train/C++/s410281798.cpp
17,15,16,12,12,1,0,0,0,3,5,7,1,0,0,0,0,0,0,0,0,8,0,0,C++,data/train/C++/s545381139.cpp
17,15,16,12,12,1,0,0,0,3,5,7,1,0,0,0,0,0,0,0,0,8,0,0,C++,data/train/C++/s425500369.cpp
7,5,7,3,1,4,0,0,0,5,7,0,1,0,0,0,0,0,0,0,0,8,0,0,C++,data/train/C++/s941649669.cpp
17,15,16,12,12,1,0,0,0,3,5,7,1,0,0,0,0,0,0,0,0,8,0,0,C++,data/train/C++/s518224435.cpp
17,15,16,12,12,1,0,0,0,3,5,7,1,0,0,0,0,0,0,0,0,8,0,0,C++,data/train/C++/s849840619.cpp
17,15,16,12,12,1,0,0,0,3,5,7,1,0,0,0,0,0,0,0,0,8,0,0,C++,data/train/C++/s859290655.cpp
14,49,8,8,16,2,0,0,1,9,13,0,2,0,0,0,0,0,0,0,0,16,0,0,C++,data/train/C++/s485972846.cpp
17,15,16,12,12,1,0,0,0,3,5,7,1,0,0,0,0,0,0,0,0,8,0,0,C++,data/train/C++/s788319070.cpp
17,15,16,12,12,1,0,0,0,3,5,7,1,0,0,0,0,0,0,0,0,8,0,0,C++,data/train/C++/s383219630.cpp
17,15,16,12,12,1,0,0,0,3,5,7,1,0,0,0,0,0,0,0,0,8,0,0,C++,data/train/C++/s343429060.cpp
17,15,16,12,12,1,0,0,0,3,5,7,1,0,0,0,0,0,0,0,0,8,0,0,C++,data/train/C++/s658342030.cpp
17,15,16,12,12,1,0,0,0,3,5,7,1,0,0,0,0,0,0,0,0,8,0,0,C++,data/train/C++/s252987763.cpp
17,15,16,12,12,1,0,0,0,3,5,7,1,0,0,0,0,0,0,0,0,8,0,0,C++,data/train/C++/s548176295.cpp
19,15,16,12,13,1,0,0,0,3,5,7,1,0,0,0,0,0,0,0,0,8,0,0,C++,data/train/C++/s474655373.cpp
17,15,16,12,12,1,0,0,0,3,5,7,1,0,0,0,0,0,0,0,0,8,0,0,C++,data/train/C++/s729566601.cpp
17,15,16,12,12,1,0,0,0,3,5,7,1,0,0,0,0,0,0,0,0,8,0,0,C++,data/train/C++/s738682322.cpp
17,15,16,12,12,1,0,0,0,3,5,7,1,0,0,0,0,0,0,0,0,8,0,0,C++,data/train/C++/s373784345.cpp
8,0,6,1,2,1,0,0,0,3,3,0,1,0,0,0,0,0,0,0,0,3,0,0,C++,data/train/C++/s887907860.cpp
17,15,16,12,12,1,0,0,0,3,5,7,1,0,0,0,0,0,0,0,0,8,0,0,C++,data/train/C++/s198430277.cpp
17,15,16,12,12,1,0,0,0,3,5,7,1,0,0,0,0,0,0,0,0,8,0,0,C++,data/train/C++/s610195016.cpp
17,15,16,12,12,1,0,0,0,3,5,7,1,0,0,0,0,0,0,0,0,8,0,0,C++,data/train/C++/s161419402.cpp
17,15,16,12,12,1,0,0,0,3,5,7,1,0,0,0,0,0,0,0,0,8,0,0,C++,data/train/C++/s822118990.cpp
11,4,21,5,2,1,0,0,0,3,0,0,1,0,0,0,0,0,0,0,0,3,0,0,C++,data/train/C++/s630110446.cpp
17,15,16,12,12,1,0,0,0,3,5,7,1,0,0,0,0,0,0,0,0,8,0,0,C++,data/train/C++/s151214314.cpp
17,15,16,12,12,1,0,0,0,3,5,7,1,0,0,0,0,0,0,0,0,8,0,0,C++,data/train/C++/s950323373.cpp
17,15,16,12,12,1,0,0,0,3,5,7,1,0,0,0,0,0,0,0,0,8,0,0,C++,data/train/C++/s900347035.cpp
17,15,16,12,12,1,0,0,0,3,5,7,1,0,0,0,0,0,0,0,0,8,0,0,C++,data/train/C++/s847911548.cpp
17,15,16,12,12,1,0,0,0,3,5,7,1,0,0,0,0,0,0,0,0,8,0,1,C++,data/train/C++/s767146319.cpp
19,15,16,12,13,1,0,0,0,3,5,7,1,0,0,0,0,0,0,0,0,8,0,0,C++,data/train/C++/s482950604.cpp
17,15,16,12,12,1,0,0,0,3,5,7,1,0,0,0,0,0,0,0,0,8,0,0,C++,data/train/C++/s169071870.cpp
17,15,16,12,12,1,0,0,0,3,5,7,1,0,0,0,0,0,0,0,0,8,0,0,C++,data/train/C++/s645690617.cpp
17,15,16,12,12,1,0,0,0,3,5,7,1,0,0,0,0,0,0,0,0,8,0,0,C++,data/train/C++/s757292467.cpp
19,15,16,12,13,1,0,0,0,3,5,7,1,0,0,0,0,0,0,0,0,8,0,0,C++,data/train/C++/s231150224.cpp
17,15,16,12,12,1,0,0,0,3,5,7,1,0,0,0,0,0,0,0,0,8,0,0,C++,data/train/C++/s216705871.cpp
17,15,16,12,12,1,0,0,0,3,5,7,1,0,0,0,0,0,0,0,0,8,0,0,C++,data/train/C++/s240918989.cpp
17,15,16,12,12,1,0,0,0,3,5,7,1,0,0,0,0,0,0,0,0,8,0,0,C++,data/train/C++/s339899407.cpp
17,15,16,12,12,1,0,0,0,3,5,7,1,0,0,0,0,0,0,0,0,8,0,0,C++,data/train/C++/s473714700.cpp
17,15,16,12,12,1,0,0,0,3,5,7,1,0,0,0,0,0,0,0,0,8,0,0,C++,data/train/C++/s312439845.cpp
17,15,16,12,12,1,0,0,0,3,5,7,1,0,0,0,0,0,0,0,0,8,0,0,C++,data/train/C++/s576493513.cpp
17,15,16,12,12,1,0,0,0,3,5,7,1,0,0,0,0,0,0,0,0,8,0,0,C++,data/train/C++/s409499076.cpp
17,15,16,12,12,1,0,0,0,3,5,7,1,0,0,0,0,0,0,0,0,8,0,0,C++,data/train/C++/s770879982.cpp
17,15,16,12,12,1,0,0,0,3,5,7,1,0,0,0,0,0,0,0,0,8,0,0,C++,data/train/C++/s692496295.cpp
4,1,0,0,0,0,0,0,0,2,0,0,1,0,0,0,0,0,0,0,0,2,0,0,C++,data/train/C++/s794311726.cpp
17,15,16,12,12,1,0,0,0,3,5,7,1,0,0,0,0,0,0,0,0,8,0,0,C++,data/train/C++/s315546013.cpp
9,21,0,2,7,39,0,14,10,39,24,0,1,0,0,0,1,0,0,1,0,9,0,10,C++,data/train/C++/s215003863.cpp
17,15,16,12,12,1,0,0,0,3,5,7,1,0,0,0,0,0,0,0,0,8,0,0,C++,data/train/C++/s744310595.cpp
17,15,16,12,12,1,0,0,0,3,5,7,1,0,0,0,0,0,0,0,0,8,0,0,C++,data/train/C++/s774373571.cpp
17,15,16,12,12,1,0,0,0,3,5,7,1,0,0,0,0,0,0,0,0,8,0,0,C++,data/train/C++/s638279367.cpp
14,3,13,2,2,1,0,0,0,3,0,0,1,0,0,0,0,0,0,0,0,6,0,0,C++,data/train/C++/s489116545.cpp
5,0,2,0,0,0,0,0,0,5,0,0,1,0,0,0,0,0,0,0,0,6,0,0,C++,data/train/C++/s320673988.cpp
17,15,16,12,12,1,0,0,0,3,5,7,1,0,0,0,0,0,0,0,0,8,0,0,C++,data/train/C++/s778361472.cpp
22,3,14,7,0,0,0,0,0,6,1,0,1,0,0,0,0,0,0,0,0,2,0,1,C++,data/train/C++/s353681152.cpp
17,15,16,12,12,1,0,0,0,3,5,7,1,0,0,0,0,0,0,0,0,8,0,0,C++,data/train/C++/s374477524.cpp
17,15,16,12,12,1,0,0,0,3,5,7,1,0,0,0,0,0,0,0,0,8,0,0,C++,data/train/C++/s959823099.cpp
17,15,16,12,12,1,0,0,0,3,5,7,1,0,0,0,0,0,0,0,0,8,0,0,C++,data/train/C++/s946871095.cpp
17,15,16,12,12,1,0,0,0,3,5,7,1,0,0,0,0,0,0,0,0,8,0,0,C++,data/train/C++/s854777645.cpp
19,15,16,12,13,1,0,0,0,3,5,7,1,0,0,0,0,0,0,0,0,8,0,0,C++,data/train/C++/s262647852.cpp
19,15,16,12,13,1,0,0,0,3,5,7,1,0,0,0,0,0,0,0,0,8,0,0,C++,data/train/C++/s314478143.cpp
17,15,16,12,12,1,0,0,0,3,5,7,1,0,0,0,0,0,0,0,0,8,0,0,C++,data/train/C++/s543510983.cpp
17,15,16,12,12,1,0,0,0,3,5,7,1,0,0,0,0,0,0,0,0,8,0,0,C++,data/train/C++/s395234413.cpp
17,15,16,12,12,1,0,0,0,3,5,7,1,0,0,0,0,0,0,0,0,8,0,0,C++,data/train/C++/s543708582.cpp
5,0,2,0,0,0,0,0,0,5,0,0,1,0,0,0,0,0,0,0,0,6,0,0,C++,data/train/C++/s965513569.cpp
17,15,16,12,12,1,0,0,0,3,5,7,1,0,0,0,0,0,0,0,0,8,0,0,C++,data/train/C++/s255936204.cpp
17,15,16,12,12,1,0,0,0,3,5,7,1,0,0,0,0,0,0,0,0,8,0,0,C++,data/train/C++/s873317587.cpp
17,15,16,12,12,1,0,0,0,3,5,7,1,0,0,0,0,0,0,0,0,8,0,0,C++,data/train/C++/s549147862.cpp
17,15,16,12,12,1,0,0,0,3,5,7,1,0,0,0,0,0,0,0,0,8,0,0,C++,data/train/C++/s979187904.cpp
17,15,16,12,12,1,0,0,0,3,5,7,1,0,0,0,0,0,0,0,0,8,0,0,C++,data/train/C++/s438313577.cpp
17,15,16,12,12,1,0,0,0,3,5,7,1,0,0,0,0,0,0,0,0,8,0,0,C++,data/train/C++/s220944957.cpp
17,15,16,12,12,1,0,0,0,3,5,7,1,0,0,0,0,0,0,0,0,8,0,0,C++,data/train/C++/s455551926.cpp
17,15,16,12,12,1,0,0,0,3,5,7,1,0,0,0,0,0,0,0,0,8,0,0,C++,data/train/C++/s678407549.cpp
19,15,16,12,13,1,0,0,0,3,5,7,1,0,0,0,0,0,0,0,0,8,0,0,C++,data/train/C++/s805795991.cpp
17,15,16,12,12,1,0,0,0,3,5,7,1,0,0,0,0,0,0,0,0,8,0,0,C++,data/train/C++/s956784357.cpp
17,15,16,12,12,1,0,0,0,3,5,7,1,0,0,0,0,0,0,0,0,8,0,0,C++,data/train/C++/s358704706.cpp
17,15,16,12,12,1,0,0,0,3,5,7,1,0,0,0,0,0,0,0,0,8,0,0,C++,data/train/C++/s857924130.cpp
17,15,16,12,12,1,0,0,0,3,5,7,1,0,0,0,0,0,0,0,0,8,0,0,C++,data/train/C++/s404365978.cpp
0,2,0,5,0,3,0,0,3,6,11,0,0,0,0,0,3,0,0,0,0,1,4,2,C++,data/train/C++/s163382784.cpp
17,15,16,12,12,1,0,0,0,3,5,7,1,0,0,0,0,0,0,0,0,8,0,0,C++,data/train/C++/s965954744.cpp
17,15,16,12,12,1,0,0,0,3,5,7,1,0,0,0,0,0,0,0,0,8,0,0,C++,data/train/C++/s686066700.cpp
11,2,0,6,0,1,0,0,0,2,0,0,1,0,0,0,0,0,0,0,0,2,0,0,C++,data/train/C++/s301652855.cpp
17,15,16,12,12,1,0,0,0,3,5,7,1,0,0,0,0,0,0,0,0,8,0,0,C++,data/train/C++/s327439783.cpp
17,15,16,12,12,1,0,0,0,3,5,7,1,0,0,0,0,0,0,0,0,8,0,0,C++,data/train/C++/s448379191.cpp
10,6,0,4,6,1,0,0,0,3,3,0,1,0,0,0,0,0,0,0,0,2,0,0,C++,data/train/C++/s150314734.cpp
17,15,16,12,12,1,0,0,0,3,5,7,1,0,0,0,0,0,0,0,0,8,0,0,C++,data/train/C++/s552776192.cpp
17,0,2,9,0,1,0,0,0,3,3,0,1,0,0,0,0,0,0,0,0,1,0,0,C++,data/train/C++/s905480552.cpp
15,3,7,0,7,1,0,0,0,7,6,0,2,1,1,0,0,0,0,0,0,1,0,4,C++,data/train/C++/s675007960.cpp
0,14,0,0,0,3,2,8,0,0,0,0,0,0,0,0,0,0,0,0,0,0,1,0,Python,data/train/Python/s532075002.py
0,10,0,0,0,0,1,4,0,0,0,0,0,0,0,0,0,0,0,0,0,0,3,0,Python,data/train/Python/s333327068.py
0,25,0,0,3,1,1,2,5,0,0,0,0,0,0,1,0,0,0,0,0,0,2,0,Python,data/train/Python/s595740441.py
0,21,0,0,5,5,6,4,0,0,0,0,0,0,0,3,0,0,0,0,0,0,2,0,Python,data/train/Python/s903566554.py
0,11,0,0,1,3,3,2,0,0,0,0,0,0,0,1,0,0,0,0,0,0,1,0,Python,data/train/Python/s905318674.py
0,5,0,0,2,0,0,18,0,0,0,0,0,0,0,0,0,0,0,0,0,0,1,0,Python,data/train/Python/s207760292.py
0,6,0,0,2,2,6,17,0,0,0,0,0,0,0,1,0,0,0,0,0,0,4,0,Python,data/train/Python/s529028638.py
0,17,0,0,3,5,2,11,0,0,0,0,0,0,0,2,0,0,0,0,0,0,8,0,Python,data/train/Python/s148161821.py
0,24,0,0,1,1,3,1,23,0,0,0,0,0,0,1,0,0,0,0,0,0,0,1,Python,data/train/Python/s478922477.py
0,12,0,0,0,5,7,1,4,0,0,0,0,0,0,1,0,0,0,0,0,0,1,0,Python,data/train/Python/s707025188.py
0,0,0,0,1,4,8,1,0,0,0,0,0,0,0,3,0,0,0,0,0,0,0,0,Python,data/train/Python/s732955672.py
0,13,0,0,3,5,2,11,0,0,0,0,0,0,0,2,0,0,0,0,0,0,8,0,Python,data/train/Python/s691367788.py
0,11,0,0,5,9,13,2,0,0,0,0,0,0,0,2,0,0,0,0,0,0,1,1,Python,data/train/Python/s442515821.py
0,21,0,0,7,4,4,6,1,0,0,0,0,0,0,0,0,0,0,0,0,0,6,0,Python,data/train/Python/s611739849.py
0,4,0,0,1,0,0,2,2,0,0,0,0,0,0,0,0,0,0,0,0,0,2,0,Python,data/train/Python/s499081820.py
0,11,0,0,0,2,3,7,3,0,0,0,0,0,0,1,0,0,0,0,0,0,3,0,Python,data/train/Python/s421233703.py
0,15,0,0,3,2,3,4,4,0,0,0,0,0,0,1,0,0,0,0,0,0,2,0,Python,data/train/Python/s780990621.py
0,9,0,0,1,0,3,3,0,0,0,0,0,0,0,1,0,0,0,0,0,0,4,0,Python,data/train/Python/s631478181.py
0,11,0,0,2,0,0,4,0,0,0,0,0,0,0,0,0,0,0,0,0,0,1,0,Python,data/train/Python/s091337145.py
0,13,0,0,2,3,3,3,0,0,0,0,0,0,0,1,0,0,0,0,0,0,1,0,Python,data/train/Python/s395204214.py
0,9,0,0,5,7,9,5,8,0,0,0,0,0,0,1,0,0,0,0,0,0,4,0,Python,data/train/Python/s182949968.py
0,17,0,0,0,0,3,6,0,0,0,0,0,0,0,0,0,0,0,0,0,0,3,0,Python,data/train/Python/s816777353.py
0,11,0,0,2,2,2,2,1,0,0,0,0,0,0,0,0,0,0,0,0,0,1,0,Python,data/train/Python/s498197477.py
0,1,0,0,0,6,3,7,0,0,0,0,0,0,0,1,0,0,0,0,0,0,0,0,Python,data/train/Python/s167396469.py
0,11,0,0,0,2,2,4,2,0,0,0,0,0,0,1,0,0,0,0,0,0,1,0,Python,data/train/Python/s633564503.py
0,20,0,0,1,1,1,3,13,0,0,0,0,0,0,1,0,0,0,0,0,0,1,0,Python,data/train/Python/s464705283.py
0,23,0,0,0,2,5,1,3,0,0,0,0,0,0,1,0,0,0,0,0,0,1,0,Python,data/train/Python/s247704358.py
0,11,0,0,1,3,3,2,16,0,0,0,0,0,0,1,0,0,0,0,0,0,3,0,Python,data/train/Python/s566744016.py
0,14,0,0,4,0,0,0,7,0,0,0,0,0,0,2,0,0,0,0,0,0,0,0,Python,data/train/Python/s642943574.py
0,24,0,0,1,4,6,0,0,0,0,0,0,0,0,1,0,0,0,0,0,0,0,0,Python,data/train/Python/s888023198.py
0,17,0,0,6,5,6,6,0,0,0,0,0,0,0,3,0,0,0,0,0,0,4,0,Python,data/train/Python/s649554612.py
0,6,0,0,1,7,8,2,7,0,0,0,0,0,0,2,0,0,0,0,0,0,1,0,Python,data/train/Python/s662827477.py
0,16,0,0,0,2,2,5,8,0,0,0,0,0,0,1,0,0,0,0,0,0,4,0,Python,data/train/Python/s508021830.py
0,29,0,0,0,14,12,2,17,0,0,0,0,0,0,1,0,0,0,0,0,0,1,0,Python,data/train/Python/s889700742.py
0,25,0,0,7,1,1,3,6,0,0,0,0,0,0,0,0,0,0,0,0,0,4,0,Python,data/train/Python/s199572648.py
0,0,0,0,4,1,2,7,0,0,0,0,0,0,0,0,0,0,0,0,0,0,1,0,Python,data/train/Python/s672683221.py
0,17,0,0,6,4,4,4,0,0,0,0,0,0,0,1,0,0,0,1,0,0,3,0,Python,data/train/Python/s460236051.py
0,9,0,0,1,2,1,5,1,0,0,0,0,0,0,2,0,0,0,0,0,0,3,0,Python,data/train/Python/s107432085.py
0,9,0,0,2,0,3,26,0,0,0,0,0,0,0,1,0,0,0,0,0,0,4,0,Python,data/train/Python/s601722064.py
0,10,0,0,2,4,4,17,0,0,0,0,0,0,0,0,0,0,0,0,0,0,4,0,Python,data/train/Python/s847098597.py
0,13,0,0,0,5,8,2,3,0,0,0,0,0,0,1,0,0,0,0,0,0,1,0,Python,data/train/Python/s868866965.py
0,52,0,0,1,0,0,0,0,0,0,0,0,0,0,0,0,0,0,0,0,0,0,0,Python,data/train/Python/s121497848.py
0,21,0,0,0,2,4,1,0,0,0,0,0,0,0,3,0,0,0,0,0,0,0,0,Python,data/train/Python/s780464984.py
0,16,0,0,1,3,3,4,1,0,0,0,0,0,0,0,0,0,0,0,0,0,2,0,Python,data/train/Python/s301140190.py
0,12,0,0,0,0,2,5,0,0,0,0,0,0,0,0,0,0,0,0,0,0,1,0,Python,data/train/Python/s583795074.py
0,24,0,0,6,15,11,7,0,0,0,0,0,0,0,2,0,0,0,0,0,0,1,0,Python,data/train/Python/s435814721.py
0,6,0,0,0,0,0,5,0,0,0,0,0,0,0,0,0,0,0,0,0,0,2,0,Python,data/train/Python/s155424244.py
0,25,0,0,8,15,11,7,0,0,0,0,0,0,0,2,0,0,0,0,0,0,1,0,Python,data/train/Python/s703916354.py
0,33,0,0,6,15,17,1,1,0,0,0,0,0,0,1,0,0,0,0,0,0,0,0,Python,data/train/Python/s421577194.py
0,5,0,0,0,19,7,10,0,0,0,0,0,0,0,0,0,0,0,0,0,0,1,0,Python,data/train/Python/s086670847.py
0,13,0,0,0,1,1,1,13,0,0,0,0,0,0,1,0,0,0,0,0,0,0,0,Python,data/train/Python/s298954151.py
0,5,0,0,0,0,0,28,0,0,0,0,0,0,0,0,0,0,0,0,0,0,4,0,Python,data/train/Python/s363613860.py
0,30,0,0,1,1,1,4,6,0,0,0,0,0,0,0,0,0,0,0,0,0,1,0,Python,data/train/Python/s896347313.py
0,8,0,0,9,0,2,12,0,0,0,0,0,0,0,1,0,0,0,0,0,0,4,0,Python,data/train/Python/s246112465.py
0,9,0,0,0,0,0,3,0,0,0,0,0,0,0,1,0,0,0,0,0,0,1,0,Python,data/train/Python/s226452005.py
0,0,0,0,2,2,5,0,0,0,0,0,0,0,0,2,0,0,0,0,0,0,0,0,Python,data/train/Python/s671909772.py
0,6,0,0,1,1,2,0,3,0,0,0,0,0,0,1,0,0,0,0,0,0,0,0,Python,data/train/Python/s884666495.py
0,8,0,0,5,0,0,3,1,0,0,0,0,0,0,0,0,0,0,0,0,0,0,0,Python,data/train/Python/s142782204.py
0,2,0,0,0,0,0,17,0,0,0,0,0,0,0,0,0,0,0,0,0,0,0,0,Python,data/train/Python/s623677683.py
0,13,0,0,4,5,2,11,0,0,0,0,0,0,0,2,0,0,0,0,0,0,8,0,Python,data/train/Python/s836024247.py
0,8,0,0,2,0,0,1,0,0,0,0,0,0,0,1,0,0,0,0,0,0,0,0,Python,data/train/Python/s454979674.py
0,6,0,0,8,5,5,10,0,0,0,0,0,0,0,1,0,0,0,0,0,0,4,0,Python,data/train/Python/s335474946.py
0,12,0,0,4,1,2,3,7,0,0,0,0,0,0,2,0,0,0,0,0,0,1,1,Python,data/train/Python/s311703300.py
0,14,0,0,1,0,1,4,7,0,0,0,0,0,0,1,0,0,0,0,0,0,1,0,Python,data/train/Python/s776502563.py
0,14,0,0,1,4,5,3,5,0,0,0,0,0,0,1,0,0,0,0,0,0,4,0,Python,data/train/Python/s316939428.py
0,22,0,0,1,0,0,3,9,0,0,0,0,0,0,1,0,0,0,0,0,0,1,0,Python,data/train/Python/s135004720.py
0,1,0,0,10,0,0,12,0,0,0,0,0,0,0,0,0,0,0,0,0,0,0,0,Python,data/train/Python/s138880683.py
0,10,0,0,2,5,5,4,0,0,0,0,0,0,0,1,0,0,0,0,0,0,4,0,Python,data/train/Python/s627901911.py
0,14,0,0,3,0,3,3,0,0,0,0,0,0,0,1,0,0,0,0,0,0,6,0,Python,data/train/Python/s365905486.py
0,5,0,0,3,4,4,10,0,0,0,0,0,0,0,0,0,0,0,0,0,0,4,0,Python,data/train/Python/s470087391.py
0,36,0,0,3,10,10,3,0,0,0,0,0,0,0,1,0,0,0,0,0,0,5,0,Python,data/train/Python/s259787433.py
0,33,0,0,3,10,10,3,0,0,0,0,0,0,0,1,0,0,0,0,0,0,5,0,Python,data/train/Python/s074741759.py
0,14,0,0,0,0,0,5,0,0,0,0,0,0,0,7,0,0,0,0,0,0,3,0,Python,data/train/Python/s550005894.py
0,5,0,0,2,1,1,3,6,0,0,0,0,0,0,0,0,0,0,0,0,0,3,0,Python,data/train/Python/s459683545.py
0,5,0,0,0,0,0,3,0,0,0,0,0,0,0,0,0,0,0,0,0,0,4,0,Python,data/train/Python/s963007964.py
0,20,0,0,0,3,4,2,1,0,0,0,0,0,0,2,0,0,0,0,0,0,1,0,Python,data/train/Python/s890392057.py
0,6,0,0,1,0,0,4,0,0,0,0,0,0,0,0,0,0,0,0,0,0,4,0,Python,data/train/Python/s373231856.py
0,17,0,0,2,0,0,5,0,0,0,0,0,0,0,0,0,0,0,0,0,0,3,0,Python,data/train/Python/s739281434.py
0,4,0,0,0,0,1,14,0,0,0,0,0,0,0,1,0,0,0,0,0,0,4,0,Python,data/train/Python/s327624379.py
0,1,0,0,4,3,3,4,0,0,0,0,0,0,0,0,0,0,0,0,0,0,0,0,Python,data/train/Python/s297229653.py
0,13,0,0,3,5,5,2,0,0,0,0,0,0,0,10,0,0,0,0,0,0,0,0,Python,data/train/Python/s632555096.py
0,8,0,0,0,1,2,3,3,0,0,0,0,0,0,4,0,0,0,0,0,0,2,0,Python,data/train/Python/s736380858.py
0,12,0,0,2,0,3,4,0,0,0,0,0,0,0,0,0,0,0,0,0,0,4,0,Python,data/train/Python/s606079015.py
0,22,0,0,1,9,5,6,8,0,0,0,0,0,0,1,0,0,0,0,0,0,2,0,Python,data/train/Python/s667130325.py
0,11,0,0,6,0,0,5,0,0,0,0,0,0,0,0,0,0,0,0,0,0,5,0,Python,data/train/Python/s468606259.py
0,31,0,0,2,0,0,1,0,0,0,0,0,0,0,0,0,0,0,0,0,0,2,0,Python,data/train/Python/s315495998.py
0,17,0,0,3,5,2,11,0,0,0,0,0,0,0,2,0,0,0,0,0,0,8,0,Python,data/train/Python/s625626749.py
0,21,0,0,5,6,6,3,0,0,0,0,0,0,0,2,0,0,0,0,0,0,1,0,Python,data/train/Python/s433660053.py
0,46,0,0,1,0,0,4,22,0,0,0,0,0,0,1,0,0,0,0,0,0,7,0,Python,data/train/Python/s784075347.py
0,17,0,0,2,1,1,1,12,0,0,0,0,0,0,2,0,0,0,0,0,0,1,0,Python,data/train/Python/s722817816.py
0,12,0,0,4,1,0,0,1,9,10,2,2,0,0,0,0,0,0,0,0,1,0,0,C#,data/train/C#/s742998074.cs
0,11,0,0,4,0,0,2,2,9,9,1,4,0,0,0,0,0,0,0,0,2,1,0,C#,data/train/C#/s327215639.cs
0,13,0,0,2,4,0,0,1,13,0,1,1,0,0,0,5,0,0,0,3,2,3,0,C#,data/train/C#/s205011005.cs
0,14,0,0,4,0,0,1,3,6,7,1,1,0,0,0,1,0,0,0,0,1,3,0,C#,data/train/C#/s446447341.cs
0,14,0,0,4,5,0,0,1,14,0,1,2,0,0,0,6,0,0,0,3,2,2,0,C#,data/train/C#/s825278506.cs
0,10,0,0,4,0,0,1,0,6,6,1,1,0,0,0,0,0,0,0,0,1,3,0,C#,data/train/C#/s316033562.cs
0,4,0,0,1,1,0,1,0,8,8,3,3,0,0,0,2,0,0,0,4,0,1,0,C#,data/train/C#/s294490495.cs
0,13,0,0,0,0,0,1,3,5,5,1,1,0,0,0,2,0,0,0,1,0,0,3,C#,data/train/C#/s390758673.cs
0,7,0,0,2,0,0,1,0,6,6,6,5,0,0,0,0,0,0,0,0,1,1,0,C#,data/train/C#/s512663115.cs
0,10,0,0,4,0,0,0,0,9,9,1,1,0,0,0,0,0,0,0,0,1,1,0,C#,data/train/C#/s906207616.cs
0,10,0,0,2,6,0,1,0,16,16,2,8,0,0,0,9,0,0,0,0,2,0,0,C#,data/train/C#/s606015236.cs
0,11,0,0,4,2,0,2,0,10,10,5,4,0,0,0,6,0,0,0,0,0,1,0,C#,data/train/C#/s312677725.cs
0,9,0,0,2,1,0,1,0,6,6,1,4,0,0,0,0,0,0,0,0,6,2,0,C#,data/train/C#/s478007846.cs
0,13,0,0,4,0,0,3,0,10,10,1,1,0,0,0,0,0,0,0,0,1,0,10,C#,data/train/C#/s741206275.cs
0,10,0,0,4,0,0,1,0,6,6,1,1,0,0,0,0,0,0,0,0,1,3,0,C#,data/train/C#/s516937158.cs
0,24,0,0,0,10,0,2,5,19,19,5,4,0,0,0,6,0,0,0,0,0,5,0,C#,data/train/C#/s950652219.cs
0,8,0,0,0,0,0,0,4,6,6,1,2,0,0,0,0,0,0,0,1,0,0,0,C#,data/train/C#/s279710123.cs
0,15,0,0,4,5,0,1,0,8,9,8,3,0,0,0,5,0,0,0,0,9,4,0,C#,data/train/C#/s374036680.cs
0,19,0,0,6,1,0,1,4,7,7,2,3,0,0,0,1,0,0,0,0,1,0,0,C#,data/train/C#/s687517529.cs
0,11,0,0,6,5,0,1,0,9,10,8,3,0,0,0,5,0,0,0,0,2,1,0,C#,data/train/C#/s810674947.cs
0,9,0,0,2,0,0,0,0,7,8,2,3,0,0,0,0,0,0,0,0,6,1,0,C#,data/train/C#/s685846230.cs
0,18,0,0,0,0,0,0,3,12,12,1,1,0,0,0,0,0,0,0,0,2,1,8,C#,data/train/C#/s848332544.cs
0,11,0,0,2,11,0,0,0,15,15,12,4,0,0,0,2,0,0,0,0,1,0,0,C#,data/train/C#/s922664661.cs
0,10,0,0,2,2,0,2,0,10,8,2,3,0,0,0,3,0,0,0,0,3,1,0,C#,data/train/C#/s294551933.cs
0,8,0,0,4,0,0,2,0,12,12,4,4,0,0,0,0,0,0,0,0,4,1,0,C#,data/train/C#/s877603023.cs
0,9,0,0,2,1,0,1,0,6,6,1,4,0,0,0,0,0,0,0,0,6,2,0,C#,data/train/C#/s552114162.cs
0,4,0,0,2,0,0,1,0,6,6,1,5,0,0,0,0,0,0,0,0,1,1,5,C#,data/train/C#/s738238569.cs
0,11,0,0,1,0,0,2,3,10,10,1,1,0,0,0,0,0,0,0,0,1,1,0,C#,data/train/C#/s429116395.cs
0,17,0,0,4,3,0,3,0,14,14,3,4,0,0,0,4,0,0,0,2,10,3,0,C#,data/train/C#/s747049635.cs
0,9,0,0,0,11,0,1,0,15,15,12,4,0,0,0,2,0,0,0,0,1,1,0,C#,data/train/C#/s908859991.cs
0,5,0,0,0,0,0,7,0,12,12,1,5,0,0,0,0,0,0,0,0,3,1,0,C#,data/train/C#/s754461541.cs
0,19,0,0,0,3,0,3,5,10,10,4,1,0,0,0,2,0,0,0,16,4,2,0,C#,data/train/C#/s708398049.cs
0,9,0,0,2,0,0,3,0,7,7,1,1,0,0,0,0,0,0,0,0,1,1,0,C#,data/train/C#/s363999312.cs
0,12,0,0,2,4,0,0,1,19,18,14,4,0,0,0,2,0,0,0,2,5,0,0,C#,data/train/C#/s754395681.cs
0,4,0,0,3,2,0,0,0,8,8,2,5,0,0,0,0,0,0,0,0,1,1,0,C#,data/train/C#/s297952823.cs
0,11,0,0,2,11,0,0,0,15,15,12,4,0,0,0,2,0,0,0,0,2,1,0,C#,data/train/C#/s697446791.cs
0,8,0,0,2,5,0,2,0,14,14,5,4,0,0,0,6,0,0,0,0,3,1,0,C#,data/train/C#/s146517456.cs
0,11,0,0,2,0,0,1,0,6,6,1,4,0,0,0,0,0,0,0,0,4,1,5,C#,data/train/C#/s808754162.cs
0,25,0,0,3,0,0,4,0,7,11,1,1,0,0,0,0,0,0,0,0,1,5,0,C#,data/train/C#/s897923964.cs
0,6,0,0,3,1,0,1,1,8,8,2,6,0,0,0,0,0,0,0,0,4,0,0,C#,data/train/C#/s167752776.cs
0,27,0,0,6,0,0,9,0,11,11,1,1,0,0,0,0,0,0,0,0,10,5,44,C#,data/train/C#/s611312981.cs
0,5,0,0,2,0,0,1,0,8,8,1,4,0,0,0,0,0,0,0,0,1,1,0,C#,data/train/C#/s272527252.cs
0,16,0,0,6,5,0,1,0,12,13,1,6,0,0,0,6,0,0,0,0,4,1,0,C#,data/train/C#/s712926069.cs
0,57,0,0,6,15,0,9,3,46,49,36,12,0,0,0,40,0,0,0,8,11,4,140,C#,data/train/C#/s742843590.cs
0,5,0,0,2,0,0,2,0,7,7,1,3,0,0,0,0,0,0,0,0,1,1,0,C#,data/train/C#/s168013869.cs
0,16,0,0,0,7,0,3,4,12,13,1,4,0,0,0,6,0,0,0,0,4,3,0,C#,data/train/C#/s206104245.cs
0,10,0,0,2,1,0,1,0,9,9,1,3,0,0,0,0,0,0,0,0,2,1,0,C#,data/train/C#/s189427583.cs
0,21,0,0,4,5,0,4,0,15,17,1,4,0,0,0,4,0,0,0,2,8,3,0,C#,data/train/C#/s653300114.cs
0,0,0,0,0,0,0,0,0,3,3,1,4,0,0,0,0,0,0,0,0,0,0,0,C#,data/train/C#/s248589575.cs
0,15,0,0,2,1,0,0,4,10,10,1,1,0,0,0,4,0,0,0,0,4,0,0,C#,data/train/C#/s532826465.cs
0,11,0,0,2,0,0,1,0,5,3,1,3,0,0,0,2,0,0,0,10,0,3,3,C#,data/train/C#/s089010266.cs
0,40,0,0,14,3,0,2,1,21,21,1,3,0,0,0,2,0,0,0,6,0,2,0,C#,data/train/C#/s879843391.cs
0,21,0,0,0,0,0,0,0,3,3,1,2,0,0,0,0,0,0,0,1,10,0,0,C#,data/train/C#/s777247003.cs
0,11,0,0,2,0,0,0,0,6,6,2,1,0,0,0,0,0,0,0,4,2,4,13,C#,data/train/C#/s532304589.cs
0,10,0,0,4,5,0,1,0,9,10,1,4,0,0,0,4,0,0,0,1,3,0,0,C#,data/train/C#/s511987945.cs
0,11,0,0,2,4,0,0,1,11,0,1,2,0,0,0,5,0,0,0,2,1,2,0,C#,data/train/C#/s361479974.cs
0,12,1,0,0,0,0,2,0,10,10,2,7,0,0,0,1,0,0,0,0,6,1,0,C#,data/train/C#/s117171122.cs
0,11,0,0,2,4,0,0,1,15,15,14,4,0,0,0,2,0,0,0,2,5,0,0,C#,data/train/C#/s217064989.cs
0,5,0,0,0,2,0,0,0,9,10,2,3,0,0,0,0,0,0,0,3,0,1,0,C#,data/train/C#/s505404498.cs
0,6,0,0,0,0,0,0,0,4,10,1,2,0,0,0,1,0,0,0,0,3,1,0,C#,data/train/C#/s317655380.cs
0,4,0,0,4,0,0,1,0,7,7,1,2,0,0,0,0,0,0,0,0,1,1,0,C#,data/train/C#/s244566379.cs
0,13,0,0,4,0,0,9,2,9,9,1,4,0,0,0,0,0,0,0,0,4,10,0,C#,data/train/C#/s253281875.cs
0,12,0,0,2,0,0,0,0,6,4,2,1,0,0,0,0,0,0,0,4,2,4,13,C#,data/train/C#/s161339171.cs
0,10,0,0,0,4,0,2,3,10,4,4,3,0,0,0,5,0,0,0,0,7,1,0,C#,data/train/C#/s803555537.cs
0,9,0,0,0,5,0,0,1,9,9,7,3,0,0,0,0,0,0,0,6,1,0,2,C#,data/train/C#/s197399211.cs
0,18,0,0,6,0,0,0,4,9,9,1,6,0,0,0,0,0,0,0,0,0,2,0,C#,data/train/C#/s791295713.cs
0,8,0,0,0,0,0,0,0,8,0,1,1,0,0,0,0,0,0,0,0,3,1,0,C#,data/train/C#/s684568060.cs
0,9,0,0,4,0,0,1,3,7,7,1,4,0,0,0,0,0,0,0,0,0,1,0,C#,data/train/C#/s104555617.cs
0,9,0,0,2,11,0,0,0,16,16,12,4,0,0,0,2,0,0,0,0,1,0,0,C#,data/train/C#/s919927430.cs
0,14,0,0,4,5,0,1,0,12,13,1,6,0,0,0,6,0,0,0,0,4,1,0,C#,data/train/C#/s808681019.cs
0,29,0,0,2,0,0,9,0,15,4,1,1,0,0,0,1,0,0,0,0,1,0,0,C#,data/train/C#/s112795287.cs
0,7,0,0,0,2,0,2,0,10,10,5,4,0,0,0,6,0,0,0,0,0,2,0,C#,data/train/C#/s395090077.cs
0,14,0,0,2,0,0,3,0,9,9,1,6,0,0,0,0,0,0,0,0,7,0,0,C#,data/train/C#/s694683993.cs
0,11,0,0,4,6,0,1,0,11,12,1,4,0,0,0,6,0,0,0,0,3,1,0,C#,data/train/C#/s708344980.cs
0,13,0,0,4,0,0,9,2,9,9,1,4,0,0,0,0,0,0,0,0,4,10,0,C#,data/train/C#/s678918211.cs
0,12,0,0,2,6,0,1,0,12,13,1,4,0,0,0,6,0,0,0,0,4,2,0,C#,data/train/C#/s663125038.cs
0,6,0,0,0,2,0,1,0,9,9,3,3,0,0,0,0,0,0,0,1,1,1,0,C#,data/train/C#/s475457340.cs
0,19,0,0,4,0,0,5,0,11,11,1,1,0,0,0,0,0,0,0,0,5,1,27,C#,data/train/C#/s895760439.cs
0,25,0,0,2,0,0,7,0,13,13,1,1,0,0,0,0,0,0,0,0,6,1,0,C#,data/train/C#/s465321007.cs
0,27,0,0,9,6,0,6,1,19,19,14,7,0,0,0,9,0,0,0,0,13,1,0,C#,data/train/C#/s194391815.cs
0,20,0,0,0,0,0,1,3,4,4,1,1,0,0,0,0,0,0,0,0,0,1,0,C#,data/train/C#/s113154979.cs
0,12,0,0,4,0,0,4,0,9,9,1,1,0,0,0,0,0,0,0,0,0,3,0,C#,data/train/C#/s349259553.cs
0,11,0,0,2,0,0,4,0,10,10,1,4,0,0,0,0,0,0,0,2,4,3,0,C#,data/train/C#/s766817953.cs
0,8,0,0,2,1,0,1,0,7,7,1,4,0,0,0,0,0,0,0,2,3,1,0,C#,data/train/C#/s360912589.cs
0,4,0,0,0,0,0,7,0,4,4,1,4,0,0,0,0,0,0,0,1,2,0,0,C#,data/train/C#/s618415653.cs
0,5,0,0,2,1,0,1,0,6,6,1,3,0,0,0,0,0,0,0,2,2,1,0,C#,data/train/C#/s097060257.cs
0,14,0,0,2,5,0,1,0,11,12,1,6,0,0,0,6,0,0,0,0,4,1,0,C#,data/train/C#/s110401619.cs
0,12,0,0,2,0,0,0,0,7,5,2,1,0,0,0,2,0,0,0,4,2,4,13,C#,data/train/C#/s564262318.cs
0,5,0,0,2,2,0,1,0,9,9,2,6,0,0,0,0,0,0,0,0,1,1,0,C#,data/train/C#/s661711918.cs
0,8,0,0,0,0,0,0,4,5,5,1,2,0,0,0,0,0,0,0,0,1,0,0,C#,data/train/C#/s274924635.cs
0,14,1,0,6,0,0,5,2,23,21,0,0,10,5,0,0,0,0,4,0,0,3,0,Rust,data/train/Rust/s821233631.rs
0,8,0,0,1,0,0,4,0,15,23,0,0,6,5,0,0,0,0,0,0,0,2,0,Rust,data/train/Rust/s261934405.rs
0,13,0,0,1,0,0,9,1,17,18,0,0,6,5,0,0,0,0,2,0,0,12,0,Rust,data/train/Rust/s961902749.rs
0,30,0,0,8,1,0,9,1,49,51,0,0,26,13,0,0,0,0,10,0,0,4,5,Rust,data/train/Rust/s405841290.rs
0,23,0,0,1,0,0,5,0,13,14,0,0,18,7,0,0,0,0,2,0,0,4,0,Rust,data/train/Rust/s698345022.rs
0,6,0,0,0,0,0,1,0,19,18,0,0,7,4,0,0,0,0,7,0,0,0,1,Rust,data/train/Rust/s739936077.rs
0,16,0,0,2,0,0,4,0,15,14,0,0,13,7,0,0,0,0,3,0,0,3,0,Rust,data/train/Rust/s163448408.rs
0,29,0,0,2,1,0,6,2,31,39,0,0,20,13,0,0,0,0,7,0,0,2,0,Rust,data/train/Rust/s776941337.rs
0,7,0,0,0,4,0,2,0,22,16,0,0,7,3,0,0,0,0,7,0,0,0,1,Rust,data/train/Rust/s311302691.rs
0,39,0,0,7,0,0,18,32,70,81,0,0,24,10,0,0,0,0,23,0,0,2,0,Rust,data/train/Rust/s337410562.rs
0,12,0,0,2,0,0,0,2,8,7,0,0,8,5,0,0,0,0,2,0,0,0,0,Rust,data/train/Rust/s293940594.rs
0,8,0,0,0,0,0,2,0,21,17,0,0,9,4,0,0,0,0,7,0,0,0,1,Rust,data/train/Rust/s457355861.rs
0,4,0,0,1,0,0,2,0,7,15,0,0,3,2,0,0,0,0,0,0,0,3,0,Rust,data/train/Rust/s333146871.rs
0,35,0,0,11,0,0,20,2,36,31,0,0,13,9,0,0,0,0,2,0,0,18,0,Rust,data/train/Rust/s708246865.rs
0,17,0,0,3,0,0,5,3,14,15,0,0,12,6,0,0,0,0,2,0,0,1,0,Rust,data/train/Rust/s963721915.rs
0,54,0,0,0,0,0,5,0,16,16,0,0,14,8,0,0,0,0,7,0,0,24,0,Rust,data/train/Rust/s210749030.rs
0,19,0,0,1,0,0,0,7,7,6,0,0,16,3,0,0,0,0,2,0,0,0,0,Rust,data/train/Rust/s393929252.rs
0,16,0,0,2,0,0,4,6,26,26,0,0,13,11,0,0,25,3,4,0,0,2,0,Rust,data/train/Rust/s500197718.rs
0,15,0,0,0,0,0,1,2,2,1,0,0,2,9,0,0,0,0,1,0,0,0,2,Rust,data/train/Rust/s624709132.rs
0,13,0,0,0,0,0,3,0,9,9,0,0,13,4,0,0,0,0,2,0,0,1,0,Rust,data/train/Rust/s751733441.rs
0,2,0,0,0,0,0,1,0,5,7,0,0,2,1,0,0,0,0,0,0,0,0,0,Rust,data/train/Rust/s271587951.rs
0,12,0,0,0,0,0,6,2,10,9,0,0,11,6,0,0,0,0,2,0,0,5,0,Rust,data/train/Rust/s174919594.rs
0,19,0,0,2,0,0,3,0,20,20,0,0,17,4,0,0,0,0,9,0,0,3,0,Rust,data/train/Rust/s447703334.rs
0,13,1,0,1,0,0,4,0,24,24,0,0,8,3,0,0,0,0,11,0,0,3,0,Rust,data/train/Rust/s945300649.rs
0,12,0,0,2,0,0,4,0,15,23,0,0,8,6,0,0,0,0,0,0,0,2,0,Rust,data/train/Rust/s500626184.rs
0,10,0,0,1,2,0,5,1,16,24,0,0,10,9,0,0,0,0,2,0,0,4,0,Rust,data/train/Rust/s628087129.rs
0,6,0,0,1,0,0,0,0,19,16,0,0,7,4,0,0,0,0,7,0,0,0,1,Rust,data/train/Rust/s661996853.rs
0,21,0,0,6,1,0,9,2,30,31,0,0,13,7,0,0,0,0,3,0,0,5,0,Rust,data/train/Rust/s649883835.rs
0,31,0,0,1,0,0,22,0,39,39,0,0,19,3,0,0,0,0,3,0,0,2,0,Rust,data/train/Rust/s899014626.rs
0,22,0,0,2,0,0,2,2,8,7,0,0,17,9,0,0,0,0,1,0,0,1,0,Rust,data/train/Rust/s354527862.rs
0,14,0,0,1,0,0,2,3,12,11,0,0,12,3,0,0,0,0,2,0,0,0,0,Rust,data/train/Rust/s898733966.rs
0,19,0,0,5,0,0,2,2,19,26,0,0,13,9,0,0,0,0,0,0,0,0,0,Rust,data/train/Rust/s916192557.rs
0,8,0,0,0,0,0,0,1,5,13,0,0,6,5,0,0,0,0,0,0,0,0,0,Rust,data/train/Rust/s657281381.rs
0,20,0,0,2,0,0,6,4,17,16,0,0,14,3,0,0,0,0,1,0,0,4,0,Rust,data/train/Rust/s648918680.rs
0,12,0,0,2,0,0,1,0,8,2,0,0,12,6,0,0,0,0,2,0,0,1,0,Rust,data/train/Rust/s148934468.rs
0,8,0,0,1,0,0,0,0,11,17,0,0,8,6,0,0,0,0,1,0,0,0,0,Rust,data/train/Rust/s536779701.rs
0,12,0,0,3,3,0,1,4,10,14,0,0,12,3,0,0,0,0,3,0,0,2,0,Rust,data/train/Rust/s798674390.rs
0,11,0,0,5,0,0,2,1,10,10,0,0,7,5,0,0,0,0,0,0,0,2,0,Rust,data/train/Rust/s910810526.rs
0,18,0,0,0,0,0,2,4,25,26,0,0,17,14,0,0,25,3,4,0,0,0,0,Rust,data/train/Rust/s334829714.rs
0,25,0,0,0,0,0,6,6,52,58,0,0,17,2,0,0,0,0,17,0,0,2,4,Rust,data/train/Rust/s242915794.rs
0,14,0,0,2,3,0,5,5,14,14,0,0,12,7,0,0,0,0,2,0,0,3,4,Rust,data/train/Rust/s958989144.rs
0,8,0,0,3,1,0,5,4,14,21,0,0,6,4,0,0,0,0,0,0,0,1,0,Rust,data/train/Rust/s649706942.rs
0,8,0,0,2,0,0,4,0,16,24,0,0,6,5,0,0,0,0,0,0,0,0,0,Rust,data/train/Rust/s438346230.rs
0,20,0,0,3,0,0,6,2,15,15,0,0,8,8,0,0,0,0,3,0,0,2,0,Rust,data/train/Rust/s728008019.rs
0,21,0,0,6,0,0,11,0,25,25,0,0,11,6,0,0,0,0,2,0,0,2,0,Rust,data/train/Rust/s717339578.rs
0,7,0,0,1,0,0,1,0,23,16,0,0,8,4,0,0,0,0,7,0,0,0,1,Rust,data/train/Rust/s213789718.rs
0,21,0,0,1,1,0,8,4,34,42,0,0,16,10,0,0,0,0,3,0,0,4,0,Rust,data/train/Rust/s231475047.rs
0,16,0,0,4,0,0,5,2,23,22,0,0,11,6,0,0,0,0,2,0,0,3,0,Rust,data/train/Rust/s647414686.rs
0,2,0,0,0,0,0,0,0,3,5,0,0,2,1,0,0,0,0,0,0,0,0,0,Rust,data/train/Rust/s304591595.rs
0,9,0,0,1,1,0,3,0,12,20,0,0,6,4,0,0,0,0,0,0,0,1,0,Rust,data/train/Rust/s179968350.rs
0,21,0,0,0,0,0,15,12,21,30,0,0,21,4,0,0,0,0,1,0,0,12,0,Rust,data/train/Rust/s661250726.rs
0,16,1,0,4,0,0,7,1,27,35,0,0,11,8,0,0,0,0,2,0,0,0,0,Rust,data/train/Rust/s665332144.rs
0,12,0,0,1,0,0,2,2,11,11,0,0,10,5,0,0,0,0,6,0,0,2,0,Rust,data/train/Rust/s756846610.rs
0,22,0,0,0,0,0,1,2,3,3,0,0,8,13,0,0,0,0,1,0,0,0,2,Rust,data/train/Rust/s810591056.rs
0,10,0,0,2,0,0,1,2,6,6,0,0,8,2,0,0,0,0,1,0,0,2,0,Rust,data/train/Rust/s332192593.rs
0,24,0,0,6,0,0,2,2,12,12,0,0,13,5,0,0,0,0,2,0,0,2,0,Rust,data/train/Rust/s601587609.rs
0,29,0,0,1,0,0,3,2,40,40,0,0,20,15,0,0,25,3,9,0,0,2,0,Rust,data/train/Rust/s376732356.rs
0,7,0,0,0,0,0,0,0,18,16,0,0,7,3,0,0,0,0,7,0,0,0,1,Rust,data/train/Rust/s529217665.rs
0,22,0,0,2,0,0,1,0,18,20,0,0,18,6,0,0,0,0,2,0,0,1,0,Rust,data/train/Rust/s155178885.rs
0,7,0,0,1,1,0,6,0,18,29,0,0,5,4,0,0,0,0,2,0,0,4,0,Rust,data/train/Rust/s408260374.rs
0,20,9,0,6,0,0,6,2,18,17,0,0,14,8,0,0,0,0,3,0,0,3,0,Rust,data/train/Rust/s574435621.rs
0,11,0,0,5,0,0,6,3,9,9,0,0,5,5,0,0,0,0,1,0,0,1,0,Rust,data/train/Rust/s182532867.rs
0,8,0,0,0,0,0,0,0,19,17,0,0,10,6,0,0,0,0,7,0,0,0,1,Rust,data/train/Rust/s482120848.rs
0,8,0,0,6,0,0,12,0,21,20,0,0,7,4,0,0,0,0,1,0,0,11,0,Rust,data/train/Rust/s424880594.rs
0,11,0,0,0,0,0,2,1,6,7,0,0,9,4,0,0,0,0,0,0,0,1,0,Rust,data/train/Rust/s221748327.rs
0,13,0,0,2,1,0,3,2,16,24,0,0,8,6,0,0,0,0,2,0,0,2,0,Rust,data/train/Rust/s654964990.rs
0,12,0,0,2,2,0,5,0,13,14,0,0,10,5,0,0,0,0,2,0,0,2,0,Rust,data/train/Rust/s262204994.rs
0,30,1,0,1,0,0,7,8,39,39,0,0,24,14,0,0,25,3,6,0,0,5,0,Rust,data/train/Rust/s884707427.rs
0,10,0,0,0,0,0,1,0,19,17,0,0,10,4,0,0,0,0,7,0,0,1,1,Rust,data/train/Rust/s656586502.rs
0,15,0,0,3,0,0,1,0,13,13,0,0,10,4,0,0,0,0,3,0,0,2,0,Rust,data/train/Rust/s166556348.rs
0,17,0,0,6,0,0,5,0,15,14,0,0,11,7,0,0,0,0,2,0,0,3,0,Rust,data/train/Rust/s293767813.rs
0,16,0,0,1,0,0,1,2,4,2,0,0,2,9,0,0,0,0,1,0,0,0,2,Rust,data/train/Rust/s856868810.rs
0,22,0,0,1,1,0,4,3,26,26,0,0,17,5,0,0,0,0,9,0,0,8,4,Rust,data/train/Rust/s462332833.rs
0,21,0,0,0,0,0,4,2,28,36,0,0,20,7,0,0,0,0,4,0,0,1,7,Rust,data/train/Rust/s517632587.rs
0,9,0,0,0,2,0,1,0,22,17,0,0,27,12,0,0,0,0,8,0,0,0,1,Rust,data/train/Rust/s754802639.rs
0,7,0,0,2,0,0,2,0,10,9,0,0,6,4,0,0,0,0,2,0,0,1,0,Rust,data/train/Rust/s748443051.rs
0,28,0,0,1,1,0,3,2,12,14,0,0,21,8,0,0,0,0,5,0,0,6,0,Rust,data/train/Rust/s447792474.rs
0,13,8,0,4,0,0,7,2,15,14,0,0,10,3,0,0,0,0,1,0,0,1,0,Rust,data/train/Rust/s632902468.rs
0,7,0,0,0,1,0,8,0,38,20,0,0,22,13,0,0,0,0,8,0,0,0,1,Rust,data/train/Rust/s208716269.rs
0,9,0,0,0,1,0,0,0,19,16,0,0,12,7,0,0,0,0,8,0,0,0,1,Rust,data/train/Rust/s294408440.rs
0,16,0,0,0,0,0,3,2,7,1,0,0,3,11,0,0,0,0,1,0,0,1,2,Rust,data/train/Rust/s943831287.rs
0,25,0,0,2,0,0,7,2,25,24,0,0,18,8,0,0,0,0,5,0,0,2,0,Rust,data/train/Rust/s134254551.rs
0,35,3,0,2,0,0,8,3,31,33,0,0,29,17,0,0,0,0,4,0,0,6,2,Rust,data/train/Rust/s392664632.rs
0,12,0,0,1,0,0,1,0,6,6,0,0,9,2,0,0,0,0,1,0,0,1,2,Rust,data/train/Rust/s342727008.rs
0,23,0,0,1,1,0,7,0,31,31,0,0,20,15,0,0,25,3,5,0,0,4,0,Rust,data/train/Rust/s708332544.rs
0,24,0,0,3,0,0,9,1,23,23,0,0,15,10,0,0,0,0,4,0,0,2,0,Rust,data/train/Rust/s248895816.rs
0,16,0,0,2,0,0,4,3,19,21,0,0,13,4,0,0,0,0,6,0,0,4,0,Rust,data/train/Rust/s702660925.rs
0,27,0,0,0,0,0,7,0,38,38,0,0,9,5,0,0,0,0,9,0,0,7,0,Rust,data/train/Rust/s584420443.rs
0,13,0,0,1,0,0,4,0,11,10,0,0,11,4,0,0,0,0,1,0,0,0,0,Rust,data/train/Rust/s573788947.rs
0,20,3,0,2,0,0,5,0,15,14,0,0,16,7,0,0,0,0,1,0,0,2,0,Rust,data/train/Rust/s931220676.rs
0,10,0,0,0,0,0,0,0,9,1,1,0,0,0,3,7,0,0,0,0,5,0,0,Java,data/train/Java/s207363466.java
0,9,0,0,2,0,0,2,0,7,7,3,0,0,0,4,2,0,0,0,0,2,0,0,Java,data/train/Java/s701898438.java
0,17,0,0,9,0,0,0,0,9,1,1,0,0,0,1,2,0,0,0,0,5,3,0,Java,data/train/Java/s198533986.java
0,9,0,0,2,0,0,2,0,7,7,3,0,0,0,5,2,0,0,0,0,2,0,0,Java,data/train/Java/s334375411.java
0,9,0,0,2,0,0,2,0,7,7,3,0,0,0,5,2,0,0,0,0,2,0,0,Java,data/train/Java/s778270964.java
0,15,0,0,4,0,0,1,0,10,10,1,0,0,0,8,1,0,0,0,0,3,1,0,Java,data/train/Java/s693569979.java
0,9,0,0,0,2,0,1,0,9,8,1,0,0,0,9,2,0,0,0,0,6,1,2,Java,data/train/Java/s339843148.java
0,10,0,0,2,2,0,0,0,11,0,4,0,0,0,3,4,0,0,0,0,3,0,0,Java,data/train/Java/s721495015.java
0,6,0,0,4,1,0,0,0,5,5,2,0,0,0,5,2,0,0,0,0,0,0,0,Java,data/train/Java/s380961127.java
0,61,0,0,21,16,0,5,8,41,43,1,0,0,0,2,2,0,0,0,0,27,1,2,Java,data/train/Java/s385058741.java
0,5,0,0,1,5,0,3,0,19,19,2,0,0,0,5,7,0,0,2,0,1,0,0,Java,data/train/Java/s460691303.java
0,71,0,0,23,18,0,0,11,55,55,18,0,0,0,7,3,0,0,1,0,18,1,0,Java,data/train/Java/s512934177.java
0,12,0,0,4,6,0,0,2,16,16,1,0,0,0,3,2,0,0,0,0,10,1,0,Java,data/train/Java/s363745965.java
0,70,0,0,28,17,0,0,11,54,54,17,0,0,0,8,3,0,0,0,0,19,1,0,Java,data/train/Java/s753029563.java
0,9,0,0,2,0,0,2,0,7,7,3,0,0,0,5,2,0,0,0,0,2,0,0,Java,data/train/Java/s810147070.java
0,9,0,0,2,1,0,0,1,8,8,3,0,0,0,4,2,0,0,0,0,1,0,5,Java,data/train/Java/s774142468.java
0,6,0,0,0,1,0,0,0,6,4,1,0,0,0,9,3,0,0,0,0,2,0,1,Java,data/train/Java/s164606555.java
0,10,0,0,1,0,0,2,0,9,6,1,0,0,0,4,1,0,0,0,0,6,1,24,Java,data/train/Java/s484037985.java
0,11,0,0,2,0,0,3,0,7,7,1,0,0,0,3,2,0,0,0,0,4,3,0,Java,data/train/Java/s674413795.java
0,10,0,0,2,4,0,0,0,16,16,5,0,0,0,7,9,0,0,0,0,1,4,2,Java,data/train/Java/s406668105.java
0,7,0,0,0,2,0,2,0,8,8,3,0,0,0,3,1,0,0,0,0,4,3,4,Java,data/train/Java/s373943785.java
0,14,0,0,7,0,0,3,4,8,9,5,0,0,0,1,2,0,0,0,0,12,0,1,Java,data/train/Java/s245687578.java
0,15,0,0,2,0,0,1,0,12,12,1,0,0,0,3,2,0,0,0,0,4,0,0,Java,data/train/Java/s404325721.java
0,18,0,0,8,4,0,0,0,6,6,4,0,0,0,1,3,0,0,0,0,2,3,0,Java,data/train/Java/s197694113.java
0,4,0,0,0,0,0,0,0,3,3,1,0,0,0,6,2,0,0,0,0,0,0,3,Java,data/train/Java/s143723243.java
0,9,0,0,4,1,0,0,0,6,0,12,0,0,0,11,11,0,0,0,0,1,0,0,Java,data/train/Java/s687714528.java
0,10,0,0,0,2,0,0,0,10,0,4,0,0,0,3,4,0,0,0,0,4,0,0,Java,data/train/Java/s234664822.java
0,8,0,0,4,1,0,1,0,7,7,5,0,0,0,6,2,0,0,0,0,2,0,5,Java,data/train/Java/s107263736.java
0,10,0,0,2,2,0,0,0,9,4,3,0,0,0,4,1,0,0,0,0,2,0,0,Java,data/train/Java/s489736571.java
0,14,0,0,2,0,0,0,0,7,0,1,0,0,0,1,2,0,0,0,0,4,0,0,Java,data/train/Java/s391464968.java
0,10,0,0,4,1,0,0,0,8,0,17,0,0,0,12,16,0,0,0,0,5,1,0,Java,data/train/Java/s182742191.java
0,7,0,0,0,0,0,3,0,11,9,3,0,0,0,1,2,0,0,0,0,8,0,0,Java,data/train/Java/s892224518.java
0,28,0,0,0,18,0,10,1,24,24,3,0,0,0,2,25,0,0,0,0,7,2,0,Java,data/train/Java/s196789871.java
0,70,0,0,26,17,0,0,11,55,56,17,0,0,0,7,3,0,0,0,0,18,1,0,Java,data/train/Java/s670836518.java
0,13,0,0,0,4,0,1,0,17,16,5,0,0,0,7,9,0,0,0,0,5,5,2,Java,data/train/Java/s420752583.java
0,18,0,0,1,0,0,4,0,13,7,1,0,0,0,3,1,0,0,0,0,8,0,2,Java,data/train/Java/s737528528.java
0,10,0,0,2,1,0,0,0,9,1,5,0,0,0,1,4,0,0,0,0,4,0,0,Java,data/train/Java/s177008897.java
0,28,0,0,0,18,0,10,1,25,25,3,0,0,0,2,25,0,0,0,0,7,2,0,Java,data/train/Java/s590472179.java
0,16,0,0,0,9,0,9,1,21,21,3,0,0,0,2,3,0,0,0,0,6,2,0,Java,data/train/Java/s180661279.java
0,12,0,0,3,0,0,0,4,5,0,1,0,0,0,1,2,0,0,0,0,3,0,0,Java,data/train/Java/s847898061.java
0,15,0,0,2,6,0,0,2,17,17,1,0,0,0,3,2,0,0,0,0,14,4,0,Java,data/train/Java/s651187346.java
0,11,0,0,2,1,0,1,0,9,9,2,0,0,0,4,1,0,0,0,0,3,1,4,Java,data/train/Java/s801146411.java
0,29,0,0,0,18,0,10,1,23,23,3,0,0,0,2,25,0,0,0,0,7,2,0,Java,data/train/Java/s202114761.java
0,7,0,0,0,0,0,0,0,5,5,1,0,0,0,4,2,0,0,0,0,2,0,0,Java,data/train/Java/s916418438.java
0,7,0,0,4,1,0,0,1,7,7,2,0,0,0,6,1,0,0,0,0,0,0,4,Java,data/train/Java/s701339216.java
0,6,0,0,0,1,0,0,0,19,2,3,0,0,0,3,2,0,0,0,0,8,0,7,Java,data/train/Java/s404279495.java
0,10,0,0,0,0,0,0,0,10,5,1,0,0,0,3,2,0,0,0,0,1,0,0,Java,data/train/Java/s426972213.java
0,5,0,0,0,2,0,1,0,10,10,1,0,0,0,7,2,0,0,0,0,2,1,3,Java,data/train/Java/s370806726.java
0,15,0,0,5,1,0,2,4,11,11,4,0,0,0,2,2,0,0,0,0,12,0,0,Java,data/train/Java/s688690491.java
0,9,0,0,4,0,0,3,0,5,5,2,0,0,0,1,3,0,0,0,0,0,0,2,Java,data/train/Java/s181936343.java
0,10,0,0,2,0,0,3,0,8,7,3,0,0,0,4,2,0,0,0,0,3,0,0,Java,data/train/Java/s520347724.java
0,37,0,0,0,0,0,0,0,11,11,1,0,0,0,0,2,0,0,0,0,10,0,0,Java,data/train/Java/s734601671.java
0,10,0,0,1,2,0,2,0,9,9,1,0,0,0,5,2,0,0,0,0,3,1,3,Java,data/train/Java/s936316897.java
0,1,0,0,0,11,0,2,0,16,7,5,0,0,0,9,12,0,0,0,0,8,0,0,Java,data/train/Java/s423559076.java
0,15,0,0,0,0,0,3,0,7,6,1,0,0,0,2,2,0,0,0,0,5,0,0,Java,data/train/Java/s838545960.java
0,9,0,0,2,0,0,2,0,7,7,3,0,0,0,4,2,0,0,0,0,2,0,0,Java,data/train/Java/s519321088.java
0,0,0,0,0,0,0,0,0,2,0,1,0,0,0,0,2,0,0,0,0,0,0,0,Java,data/train/Java/s787168368.java
0,15,0,0,2,6,0,0,2,18,18,1,0,0,0,3,2,0,0,0,0,14,1,0,Java,data/train/Java/s285417194.java
0,6,0,0,0,2,0,1,0,10,10,1,0,0,0,8,2,0,0,0,0,2,1,1,Java,data/train/Java/s600754634.java
0,2,0,0,0,0,0,0,0,6,0,1,0,0,0,1,1,0,0,0,0,2,0,0,Java,data/train/Java/s533536591.java
0,14,0,0,0,0,0,0,0,5,2,2,0,0,0,4,3,0,0,0,0,10,0,0,Java,data/train/Java/s566780932.java
0,19,0,0,1,0,0,0,0,11,10,1,0,0,0,1,1,0,0,0,0,3,0,0,Java,data/train/Java/s285510694.java
0,0,0,0,0,0,0,0,0,0,0,1,0,0,0,0,0,0,0,0,0,0,0,0,Java,data/train/Java/s185348266.java
0,7,0,0,4,1,0,1,0,8,9,2,0,0,0,5,2,0,0,0,0,2,0,0,Java,data/train/Java/s208911874.java
0,11,0,0,6,1,0,0,0,6,0,14,0,0,0,12,13,0,0,0,0,2,0,0,Java,data/train/Java/s831595810.java
0,17,0,0,1,0,0,1,0,3,3,1,0,0,0,4,2,0,0,0,0,4,1,0,Java,data/train/Java/s397340119.java
0,15,0,0,2,1,0,0,0,9,0,3,0,0,0,2,1,0,0,0,0,2,1,0,Java,data/train/Java/s579223266.java
0,15,0,0,4,4,0,0,5,13,1,8,0,0,0,1,6,0,0,0,0,7,0,0,Java,data/train/Java/s312776148.java
0,0,0,0,0,0,0,0,0,2,2,1,0,0,0,0,1,0,0,0,0,0,0,0,Java,data/train/Java/s507597054.java
0,9,0,0,2,0,0,2,0,7,7,3,0,0,0,5,2,0,0,0,0,2,0,0,Java,data/train/Java/s470746229.java
0,43,0,0,13,21,0,14,1,50,50,3,0,0,0,2,3,0,0,0,0,11,5,0,Java,data/train/Java/s565235131.java
0,9,0,0,2,0,0,2,0,7,7,3,0,0,0,4,2,0,0,0,0,2,0,0,Java,data/train/Java/s657505444.java
0,9,0,0,0,0,0,1,0,7,4,1,0,0,0,4,1,0,0,0,0,5,1,21,Java,data/train/Java/s567419540.java
0,31,0,0,6,4,0,3,0,20,20,5,0,0,0,7,9,0,0,0,0,6,7,2,Java,data/train/Java/s518631498.java
0,13,0,0,3,0,0,3,0,8,8,1,0,0,0,2,2,0,0,0,0,2,1,4,Java,data/train/Java/s691960035.java
0,9,0,0,2,0,0,2,0,7,7,3,0,0,0,5,2,0,0,0,0,2,0,0,Java,data/train/Java/s542869368.java
0,18,0,0,2,0,0,0,0,6,5,1,0,0,0,3,2,0,0,0,0,3,0,0,Java,data/train/Java/s677140746.java
0,10,0,0,1,0,0,0,0,5,5,2,0,0,0,8,2,0,0,0,0,4,0,0,Java,data/train/Java/s934384343.java
0,9,0,0,2,1,0,0,0,8,8,4,0,0,0,5,2,0,0,0,0,1,0,4,Java,data/train/Java/s158992188.java
0,8,0,0,2,1,0,0,0,8,8,3,0,0,0,5,2,0,0,0,0,1,0,1,Java,data/train/Java/s680724016.java
0,12,0,0,2,0,0,2,0,13,12,1,0,0,0,3,2,0,0,0,0,4,1,0,Java,data/train/Java/s709188537.java
0,9,0,0,2,0,0,2,0,7,7,3,0,0,0,4,2,0,0,0,0,2,0,0,Java,data/train/Java/s426976514.java
0,7,0,0,2,0,0,0,0,8,7,1,0,0,0,7,2,0,0,0,0,2,1,0,Java,data/train/Java/s260700749.java
0,9,0,0,2,0,0,2,0,7,7,3,0,0,0,5,2,0,0,0,0,2,0,0,Java,data/train/Java/s560707872.java
0,12,0,0,4,2,0,0,0,9,0,4,0,0,0,3,4,0,0,0,0,3,0,0,Java,data/train/Java/s363322243.java
0,11,0,0,2,0,0,2,0,8,8,1,0,0,0,3,2,0,0,0,0,2,1,2,Java,data/train/Java/s577904182.java
0,10,0,0,0,0,0,0,0,7,2,1,0,0,0,3,2,0,0,0,0,1,0,5,Java,data/train/Java/s396517644.java
0,11,0,0,2,0,0,1,0,6,6,1,0,0,0,4,2,0,0,0,0,1,1,0,Java,data/train/Java/s659629985.java
0,9,0,0,2,1,0,2,0,12,11,2,0,0,0,6,2,0,0,0,0,1,1,0,Java,data/train/Java/s542902123.java
0,13,0,0,4,3,0,1,0,9,7,5,0,0,0,3,2,0,0,0,0,8,0,5,Java,data/train/Java/s958220535.java
0,14,0,0,0,0,0,2,1,0,0,0,0,1,0,14,0,6,8,25,0,0,0,0,Haskell,data/train/Haskell/s832372686.hs
0,9,0,0,5,3,0,1,0,0,0,0,0,0,0,2,0,0,5,12,0,0,0,0,Haskell,data/train/Haskell/s642707435.hs
0,21,0,0,0,3,0,2,11,0,0,0,0,1,0,5,0,1,7,7,0,0,2,0,Haskell,data/train/Haskell/s691465366.hs
0,13,0,0,0,0,0,1,5,0,0,0,0,0,0,0,0,6,3,4,0,0,4,0,Haskell,data/train/Haskell/s137593265.hs
0,39,0,0,0,0,0,0,7,0,0,0,0,0,0,4,0,5,19,30,0,0,1,0,Haskell,data/train/Haskell/s301826406.hs
0,6,0,0,1,0,0,1,0,0,0,0,0,1,0,5,0,10,3,7,0,0,0,0,Haskell,data/train/Haskell/s555303707.hs
0,27,0,0,0,0,0,0,9,0,0,0,0,0,0,0,0,6,5,7,0,0,0,0,Haskell,data/train/Haskell/s672724838.hs
0,13,0,0,5,0,0,1,0,0,0,0,0,3,0,2,0,0,7,13,0,0,0,0,Haskell,data/train/Haskell/s628716238.hs
0,41,0,0,0,0,0,3,0,0,0,0,0,2,0,26,0,8,25,61,0,0,1,0,Haskell,data/train/Haskell/s527543673.hs
0,19,0,0,0,0,0,0,1,0,0,0,0,0,0,3,0,3,11,18,0,0,0,0,Haskell,data/train/Haskell/s090338183.hs
0,24,0,0,4,0,0,0,0,0,0,0,0,0,0,0,0,19,5,4,0,0,2,0,Haskell,data/train/Haskell/s319513924.hs
0,53,0,0,0,0,0,3,0,0,0,0,0,4,0,27,0,4,22,50,0,0,12,0,Haskell,data/train/Haskell/s808963479.hs
0,25,0,0,6,0,0,1,0,0,0,0,0,0,0,0,0,2,9,13,0,0,0,0,Haskell,data/train/Haskell/s811705065.hs
0,27,0,0,0,0,0,0,9,0,0,0,0,0,0,0,0,6,5,7,0,0,0,0,Haskell,data/train/Haskell/s593505332.hs
0,5,0,0,0,1,0,1,10,0,0,0,0,0,0,3,0,4,2,12,0,0,1,0,Haskell,data/train/Haskell/s990746442.hs
0,27,0,0,0,0,0,0,9,0,0,0,0,0,0,0,0,6,5,7,0,0,0,0,Haskell,data/train/Haskell/s711564135.hs
0,24,0,0,3,0,0,2,0,0,0,0,0,0,0,4,0,7,7,14,0,0,6,0,Haskell,data/train/Haskell/s595047112.hs
0,24,0,0,8,0,0,0,0,0,0,0,0,0,0,2,0,2,2,1,0,0,0,0,Haskell,data/train/Haskell/s446269189.hs
0,17,0,0,0,0,0,1,0,0,0,0,0,4,0,2,0,10,5,6,0,0,2,0,Haskell,data/train/Haskell/s971574453.hs
0,35,0,0,0,0,0,3,2,0,0,0,0,2,0,27,0,10,22,49,0,0,0,0,Haskell,data/train/Haskell/s084836192.hs
0,12,0,0,0,0,0,1,0,0,0,0,0,0,0,13,0,4,8,24,0,0,0,0,Haskell,data/train/Haskell/s109064275.hs
0,15,0,0,0,0,0,1,0,0,0,0,0,0,0,17,0,5,8,24,0,0,0,0,Haskell,data/train/Haskell/s436686543.hs
0,38,0,0,0,0,0,4,2,0,0,0,0,3,0,27,0,8,23,50,0,0,0,0,Haskell,data/train/Haskell/s990499134.hs
0,14,0,0,0,0,0,0,0,0,0,0,0,2,0,3,0,0,9,7,0,0,0,0,Haskell,data/train/Haskell/s550504623.hs
0,26,0,0,4,4,0,3,0,0,0,0,0,1,0,4,0,2,11,24,0,0,8,0,Haskell,data/train/Haskell/s629856801.hs
0,11,0,0,1,1,0,1,0,0,0,0,0,0,0,14,0,2,10,28,0,0,0,0,Haskell,data/train/Haskell/s476708730.hs
0,14,0,0,1,0,0,0,0,0,0,0,0,0,0,4,0,3,6,14,0,0,7,1,Haskell,data/train/Haskell/s536925563.hs
0,20,0,0,0,0,0,0,3,0,0,0,0,1,0,1,0,6,0,1,0,0,2,0,Haskell,data/train/Haskell/s372681115.hs
0,29,0,0,0,0,0,0,0,0,0,0,0,0,0,2,0,6,9,18,0,0,3,0,Haskell,data/train/Haskell/s272645598.hs
0,14,0,0,2,0,0,0,0,0,0,0,0,0,0,4,0,1,7,9,0,0,2,1,Haskell,data/train/Haskell/s215863908.hs
0,31,0,0,2,1,0,3,0,0,0,0,0,2,0,27,0,6,23,52,0,0,0,0,Haskell,data/train/Haskell/s470144556.hs
0,14,0,0,0,0,0,1,0,0,0,0,0,1,0,2,0,0,5,14,0,0,0,0,Haskell,data/train/Haskell/s372335796.hs
0,40,0,0,11,4,0,5,0,0,0,0,0,6,0,26,0,6,28,59,0,0,0,0,Haskell,data/train/Haskell/s821250157.hs
0,36,0,0,0,0,0,4,0,0,0,0,0,3,0,27,0,11,22,49,0,0,0,0,Haskell,data/train/Haskell/s945889062.hs
0,21,0,0,0,4,0,1,0,0,0,0,0,0,0,4,0,1,10,10,0,0,0,1,Haskell,data/train/Haskell/s129058926.hs
0,15,0,0,0,0,0,5,0,0,0,0,0,0,0,3,0,0,4,8,0,0,1,0,Haskell,data/train/Haskell/s420741803.hs
0,24,0,0,0,1,0,1,1,0,0,0,0,0,0,0,0,8,6,11,0,0,1,0,Haskell,data/train/Haskell/s876294533.hs
0,12,0,0,0,0,0,0,0,0,0,0,0,1,0,1,0,0,6,15,0,0,0,0,Haskell,data/train/Haskell/s260363387.hs
0,11,0,0,0,0,0,1,0,0,0,0,0,0,0,16,0,5,10,25,0,0,0,0,Haskell,data/train/Haskell/s967157861.hs
0,15,0,0,3,3,0,1,0,0,0,0,0,0,0,4,0,0,8,8,0,0,2,0,Haskell,data/train/Haskell/s606773542.hs
0,11,0,0,0,0,0,1,0,0,0,0,0,0,0,12,0,7,6,14,0,0,1,0,Haskell,data/train/Haskell/s905769375.hs
0,16,0,0,0,0,0,1,0,0,0,0,0,2,0,4,0,2,5,17,0,0,2,0,Haskell,data/train/Haskell/s535038460.hs
0,24,0,0,1,0,0,2,0,0,1,0,0,0,0,2,0,0,13,15,0,0,8,0,Haskell,data/train/Haskell/s783615855.hs
0,38,0,0,0,0,0,3,3,0,0,0,0,2,0,27,0,7,25,50,0,0,0,0,Haskell,data/train/Haskell/s271953379.hs
0,28,0,0,2,0,0,3,5,0,0,0,0,6,0,1,0,0,2,4,0,0,3,0,Haskell,data/train/Haskell/s454202468.hs
0,15,0,0,0,0,0,0,0,0,0,0,0,0,0,2,0,1,0,1,0,0,0,0,Haskell,data/train/Haskell/s686891087.hs
0,23,0,0,2,1,0,0,0,0,0,0,0,2,0,2,0,0,5,1,0,0,0,0,Haskell,data/train/Haskell/s574411891.hs
0,22,0,0,2,0,0,1,0,0,0,0,0,3,0,1,0,0,2,2,0,0,6,0,Haskell,data/train/Haskell/s836998398.hs
0,50,0,0,0,0,0,0,0,0,0,0,0,0,0,1,0,0,18,29,0,42,4,0,Haskell,data/train/Haskell/s586977222.hs
0,16,0,0,8,0,0,2,0,0,0,0,0,0,0,5,0,5,8,10,0,0,1,0,Haskell,data/train/Haskell/s459702711.hs
0,13,0,0,0,0,0,0,17,0,0,0,0,0,0,4,0,2,6,6,0,0,0,0,Haskell,data/train/Haskell/s490645515.hs
0,11,0,0,2,0,0,0,0,0,0,0,0,0,0,5,0,0,5,7,0,0,1,1,Haskell,data/train/Haskell/s395641808.hs
0,34,0,0,0,2,0,1,0,0,0,0,0,0,0,1,0,3,8,12,0,0,0,0,Haskell,data/train/Haskell/s934208336.hs
0,15,0,0,0,0,0,7,0,0,0,0,0,0,0,1,0,0,9,0,0,0,0,0,Haskell,data/train/Haskell/s324229803.hs
0,20,0,0,0,0,0,0,0,0,0,0,0,0,0,4,0,3,5,10,0,0,0,0,Haskell,data/train/Haskell/s925230111.hs
0,23,0,0,0,0,0,0,0,0,0,0,0,0,0,1,0,0,2,0,0,0,0,0,Haskell,data/train/Haskell/s086742516.hs
0,15,0,0,0,2,0,1,1,0,0,0,0,3,0,2,0,0,5,7,0,0,2,0,Haskell,data/train/Haskell/s160104019.hs
0,22,0,0,1,0,0,2,0,0,0,0,0,4,0,5,0,0,8,0,0,0,0,0,Haskell,data/train/Haskell/s317621120.hs
0,16,0,0,1,0,0,1,0,0,0,0,0,0,0,18,0,6,9,25,0,0,0,0,Haskell,data/train/Haskell/s768828391.hs
0,24,0,0,0,0,0,0,0,0,0,0,0,1,0,3,0,1,6,13,0,0,0,0,Haskell,data/train/Haskell/s979229108.hs
0,11,0,0,1,1,0,0,0,0,0,0,0,1,0,7,0,15,7,7,0,0,0,1,Haskell,data/train/Haskell/s346255102.hs
0,11,0,0,0,0,0,0,1,0,0,0,0,2,0,0,0,6,5,5,0,0,1,0,Haskell,data/train/Haskell/s294576096.hs
0,16,0,0,1,0,0,1,0,0,0,0,0,0,0,18,0,6,9,25,0,0,0,0,Haskell,data/train/Haskell/s641058644.hs
0,17,0,0,0,0,0,1,0,0,0,0,0,1,0,4,0,0,11,0,0,0,0,0,Haskell,data/train/Haskell/s479178927.hs
0,21,0,0,0,0,0,0,24,0,0,0,0,1,0,4,0,3,4,7,0,0,0,0,Haskell,data/train/Haskell/s965788980.hs
0,25,0,0,0,0,0,0,3,0,0,0,0,0,0,3,0,2,12,12,0,0,0,0,Haskell,data/train/Haskell/s334495288.hs
0,33,0,0,0,0,0,3,0,0,0,0,0,2,0,27,0,4,23,50,0,0,0,0,Haskell,data/train/Haskell/s349858047.hs
0,22,0,0,0,2,0,1,0,0,0,0,0,0,0,5,0,2,10,11,0,0,0,0,Haskell,data/train/Haskell/s214068459.hs
0,39,0,0,11,4,0,5,0,0,0,0,0,6,0,26,0,6,27,58,0,0,0,0,Haskell,data/train/Haskell/s856365677.hs
0,35,0,0,0,0,0,5,0,0,0,0,0,2,0,27,0,10,22,49,0,0,0,0,Haskell,data/train/Haskell/s925563631.hs
0,4,0,0,0,2,0,1,0,0,0,0,0,1,0,1,0,2,1,21,0,0,1,0,Haskell,data/train/Haskell/s728844697.hs
0,44,0,0,0,0,0,3,13,0,0,0,0,2,0,27,0,12,23,51,0,0,0,0,Haskell,data/train/Haskell/s424311115.hs
0,21,0,0,0,0,0,2,2,0,0,0,0,4,0,3,0,10,8,14,0,0,0,0,Haskell,data/train/Haskell/s670499847.hs
0,13,0,0,0,0,0,0,0,0,0,0,0,0,0,6,0,10,3,2,0,0,1,0,Haskell,data/train/Haskell/s281866029.hs
0,25,0,0,4,0,0,0,0,0,0,0,0,0,0,0,0,20,5,4,0,0,2,0,Haskell,data/train/Haskell/s622368442.hs
0,16,0,0,0,0,0,0,1,0,0,0,0,0,0,5,0,6,0,1,0,0,4,0,Haskell,data/train/Haskell/s121142928.hs
0,17,0,0,0,3,0,1,2,0,0,0,0,1,0,2,0,1,7,8,0,0,0,0,Haskell,data/train/Haskell/s191646855.hs
0,1,0,0,0,0,0,0,0,0,0,0,0,0,0,2,0,3,0,0,0,0,0,0,Haskell,data/train/Haskell/s485733440.hs
0,12,0,0,1,0,0,1,0,0,0,0,0,2,0,13,0,4,5,7,0,0,0,0,Haskell,data/train/Haskell/s444773830.hs
0,15,0,0,2,1,0,0,1,0,0,0,0,3,0,5,0,8,6,12,0,0,0,0,Haskell,data/train/Haskell/s950581340.hs
0,11,0,0,0,2,0,1,0,0,0,0,0,1,0,5,0,2,2,5,0,0,2,0,Haskell,data/train/Haskell/s859490256.hs
0,16,0,0,0,4,0,1,0,0,0,0,0,0,0,4,0,1,6,4,0,0,0,0,Haskell,data/train/Haskell/s898301787.hs
0,12,0,0,0,0,0,1,0,0,0,0,0,0,0,14,0,7,10,30,0,0,0,0,Haskell,data/train/Haskell/s770604143.hs
0,11,0,0,2,1,0,2,0,0,0,0,0,0,0,3,0,0,6,8,0,0,1,0,Haskell,data/train/Haskell/s966065540.hs
0,18,0,0,0,1,0,1,2,0,0,0,0,1,0,1,0,1,4,4,0,0,1,0,Haskell,data/train/Haskell/s200464756.hs
0,25,0,0,0,0,0,0,14,0,0,0,0,0,0,2,0,4,6,4,0,0,1,0,Haskell,data/train/Haskell/s124932569.hs
0,16,0,0,0,0,0,0,1,0,0,0,0,0,0,4,0,5,10,17,0,0,0,0,Haskell,data/train/Haskell/s843178644.hs
0,29,0,0,0,0,0,0,11,0,0,0,0,0,0,4,0,3,16,18,0,0,1,0,Haskell,data/train/Haskell/s491743126.hs
0,13,0,0,0,1,0,0,4,0,0,0,0,0,0,4,0,2,6,8,0,0,0,0,Haskell,data/train/Haskell/s840377061.hs
0,18,0,0,0,0,0,3,1,0,0,0,0,3,0,4,0,0,7,14,0,0,1,0,Haskell,data/train/Haskell/s330649273.hs
0,28,0,0,0,1,0,5,0,15,6,0,0,0,0,0,0,0,0,1,0,0,1,1,PHP,data/train/PHP/s878821527.php
0,32,0,0,0,0,0,5,12,21,21,0,0,0,0,0,0,0,0,0,0,0,0,0,PHP,data/train/PHP/s891669078.php
0,0,0,0,0,0,0,0,0,5,0,0,0,0,0,0,0,0,0,0,0,0,0,0,PHP,data/train/PHP/s927828299.php
0,16,0,0,0,0,0,0,6,7,0,0,0,0,0,0,0,0,0,0,0,0,0,0,PHP,data/train/PHP/s810760788.php
0,35,0,0,0,3,0,7,0,18,5,0,0,0,0,0,0,0,0,0,0,0,1,0,PHP,data/train/PHP/s405399237.php
0,18,0,0,0,5,0,3,0,16,16,0,0,0,0,0,0,1,0,0,0,0,2,0,PHP,data/train/PHP/s267787820.php
0,11,0,0,0,5,0,0,0,8,7,0,0,0,0,0,0,0,0,0,0,0,5,0,PHP,data/train/PHP/s216141958.php
0,28,0,0,0,0,0,0,3,11,0,0,0,0,0,0,0,0,0,0,0,0,0,6,PHP,data/train/PHP/s329380805.php
0,13,0,0,0,2,0,0,9,13,0,0,0,0,0,0,0,0,0,0,0,0,2,0,PHP,data/train/PHP/s986416739.php
0,20,0,0,0,0,0,3,3,9,9,0,0,0,0,0,0,0,0,0,0,0,0,0,PHP,data/train/PHP/s451924721.php
0,19,0,0,0,6,0,0,0,9,2,0,0,0,0,0,0,0,0,0,0,0,5,12,PHP,data/train/PHP/s927554083.php
0,15,0,0,0,3,0,4,3,12,12,0,0,0,0,0,0,1,0,0,0,0,0,0,PHP,data/train/PHP/s929543292.php
0,12,0,0,0,0,0,3,1,6,1,0,0,0,0,0,0,0,0,0,0,0,0,1,PHP,data/train/PHP/s335071901.php
0,14,0,0,0,1,0,3,0,10,10,0,0,0,0,0,0,3,0,0,0,0,0,0,PHP,data/train/PHP/s938929032.php
0,10,0,0,0,1,0,2,0,11,12,0,0,0,0,0,0,0,0,0,0,0,0,0,PHP,data/train/PHP/s506455413.php
0,32,0,0,0,4,0,9,6,20,20,0,0,0,0,0,5,5,0,0,0,0,0,0,PHP,data/train/PHP/s086791207.php
0,0,0,0,0,0,0,0,0,5,0,0,0,0,0,0,0,0,0,0,0,0,0,0,PHP,data/train/PHP/s498576819.php
0,26,0,0,0,1,0,9,0,18,6,0,0,0,0,0,0,0,0,0,0,0,2,0,PHP,data/train/PHP/s140323240.php
0,45,0,0,0,17,0,14,1,41,41,0,0,0,0,0,6,9,0,0,0,0,0,10,PHP,data/train/PHP/s574659908.php
0,21,0,0,0,2,0,1,0,13,0,0,0,0,0,0,1,0,0,7,0,0,4,0,PHP,data/train/PHP/s270187644.php
0,24,0,0,0,1,0,9,0,18,6,0,0,0,0,0,0,0,0,0,0,0,2,0,PHP,data/train/PHP/s971206412.php
0,14,0,0,0,0,0,0,4,10,0,0,0,0,0,0,0,0,0,0,0,0,1,9,PHP,data/train/PHP/s585850676.php
0,17,0,0,0,0,0,8,2,20,20,0,0,0,0,0,0,1,0,0,0,0,11,1,PHP,data/train/PHP/s355068656.php
0,12,0,0,0,0,0,2,1,5,0,0,0,0,0,0,0,0,0,0,0,0,0,0,PHP,data/train/PHP/s162191208.php
0,20,0,0,0,0,0,4,1,15,15,0,0,0,0,0,0,1,0,0,0,0,0,3,PHP,data/train/PHP/s901900117.php
0,8,0,0,0,0,0,0,0,7,0,0,0,0,0,0,0,0,0,0,0,0,2,0,PHP,data/train/PHP/s428585917.php
0,15,0,0,0,0,0,0,2,5,5,0,0,0,0,0,0,0,0,0,0,0,0,0,PHP,data/train/PHP/s366455032.php
0,24,0,0,0,1,0,9,0,18,6,0,0,0,0,0,0,0,0,0,0,0,1,0,PHP,data/train/PHP/s534619065.php
0,24,0,0,0,0,0,1,22,6,6,0,0,0,0,0,0,0,0,0,0,0,0,0,PHP,data/train/PHP/s198221992.php
0,21,0,0,0,1,0,8,1,16,16,0,0,0,0,0,0,0,0,0,0,0,0,0,PHP,data/train/PHP/s724300438.php
0,19,0,0,0,3,0,4,0,9,7,0,0,0,0,0,0,1,0,0,0,0,2,2,PHP,data/train/PHP/s867630046.php
0,9,0,0,0,5,0,6,1,18,18,0,0,0,0,0,4,0,0,0,0,0,0,0,PHP,data/train/PHP/s886738059.php
0,25,0,0,0,1,0,9,0,18,6,0,0,0,0,0,0,0,0,0,0,0,1,0,PHP,data/train/PHP/s115103395.php
0,1,0,0,0,0,0,0,0,6,6,0,0,0,0,0,0,0,0,0,0,0,0,0,PHP,data/train/PHP/s421035324.php
0,15,0,0,0,0,0,0,0,6,7,0,0,0,0,0,0,0,0,0,0,0,1,5,PHP,data/train/PHP/s840558596.php
0,29,0,0,0,1,0,2,1,10,6,0,0,0,0,0,0,0,0,1,0,0,0,1,PHP,data/train/PHP/s182139011.php
0,14,0,0,0,0,0,0,0,6,7,0,0,0,0,0,0,0,0,0,0,0,1,5,PHP,data/train/PHP/s090280518.php
0,6,0,0,0,4,0,1,0,7,7,0,0,0,0,0,0,0,0,0,0,0,0,0,PHP,data/train/PHP/s567141713.php
0,8,0,0,0,7,0,3,2,14,14,0,0,0,0,0,0,0,0,0,0,0,0,0,PHP,data/train/PHP/s329853541.php
0,16,0,0,0,2,0,1,1,17,17,0,0,0,0,0,14,2,0,0,0,0,1,0,PHP,data/train/PHP/s282674674.php
0,24,0,0,0,1,0,7,0,10,8,0,0,0,0,0,0,0,0,0,0,0,4,0,PHP,data/train/PHP/s683818793.php
0,11,0,0,0,2,0,0,0,6,5,0,0,0,0,0,0,0,0,0,0,0,7,0,PHP,data/train/PHP/s546468581.php
0,40,0,0,0,6,0,3,0,15,15,0,0,0,0,0,7,0,0,0,5,0,1,0,PHP,data/train/PHP/s085505690.php
0,11,0,0,0,2,0,0,0,6,5,0,0,0,0,0,0,0,0,0,0,0,7,0,PHP,data/train/PHP/s204403460.php
0,23,0,0,0,3,0,2,0,13,13,0,0,0,0,0,6,0,0,0,0,0,0,0,PHP,data/train/PHP/s346995597.php
0,4,0,0,0,0,0,0,0,11,11,0,0,0,0,0,0,0,0,0,0,0,0,3,PHP,data/train/PHP/s765298270.php
0,14,0,0,0,4,0,10,0,8,8,0,0,0,0,0,0,1,0,0,0,0,5,8,PHP,data/train/PHP/s348846289.php
0,11,0,0,0,9,0,9,6,19,19,0,0,0,0,0,0,0,0,0,0,0,8,0,PHP,data/train/PHP/s174493674.php
0,23,0,0,0,0,0,0,0,10,0,0,0,0,0,0,0,0,0,0,0,0,3,16,PHP,data/train/PHP/s817152949.php
0,19,0,0,0,6,0,0,0,9,2,0,0,0,0,0,0,0,0,0,0,0,5,8,PHP,data/train/PHP/s408128837.php
0,7,0,0,0,0,0,2,0,5,3,0,0,0,0,0,0,0,0,0,0,0,0,6,PHP,data/train/PHP/s660365995.php
0,12,0,0,0,3,0,10,1,13,13,0,0,0,0,0,0,1,0,0,0,0,0,0,PHP,data/train/PHP/s430608038.php
0,42,0,0,0,8,0,4,1,19,19,0,0,0,0,0,2,5,0,0,0,0,0,0,PHP,data/train/PHP/s770659899.php
0,15,0,0,0,2,0,0,0,16,16,0,0,0,0,0,8,0,0,0,0,0,2,2,PHP,data/train/PHP/s731145824.php
0,18,0,0,0,0,0,4,1,7,1,0,0,0,0,0,0,0,0,0,0,0,0,1,PHP,data/train/PHP/s460462274.php
0,24,0,0,0,2,0,0,0,18,0,0,0,0,0,0,9,0,0,0,0,0,2,0,PHP,data/train/PHP/s868466555.php
0,26,0,0,0,1,0,9,0,18,6,0,0,0,0,0,0,0,0,0,0,0,1,0,PHP,data/train/PHP/s281540812.php
0,6,0,0,0,0,0,2,0,5,5,0,0,0,0,0,0,3,0,0,0,0,8,1,PHP,data/train/PHP/s315389809.php
0,13,0,0,0,0,0,3,0,9,9,0,0,0,0,0,0,2,0,0,0,0,1,0,PHP,data/train/PHP/s688993143.php
0,33,0,0,0,0,0,1,0,4,4,0,0,0,0,0,0,0,0,0,0,0,1,0,PHP,data/train/PHP/s745393426.php
0,13,0,0,0,2,0,0,9,15,0,0,0,0,0,0,0,0,0,0,0,0,2,0,PHP,data/train/PHP/s711326355.php
0,22,0,0,0,1,0,8,0,16,8,0,0,0,0,0,0,0,0,0,0,0,0,0,PHP,data/train/PHP/s597813469.php
0,25,0,0,0,2,0,4,3,16,16,0,0,0,0,0,0,0,0,0,0,0,0,0,PHP,data/train/PHP/s204417559.php
0,18,0,0,0,0,0,2,1,9,9,0,0,0,0,0,0,3,0,0,0,0,2,13,PHP,data/train/PHP/s898745008.php
0,16,0,0,0,0,0,3,0,12,12,0,0,0,0,0,0,2,0,0,0,0,0,0,PHP,data/train/PHP/s638192400.php
0,19,0,0,0,3,0,3,3,12,12,0,0,0,0,0,6,1,0,0,0,0,0,0,PHP,data/train/PHP/s648177428.php
0,16,0,0,0,0,0,4,0,11,11,0,0,0,0,0,0,0,0,0,0,0,3,0,PHP,data/train/PHP/s736726707.php
0,0,0,0,0,2,0,5,0,11,9,0,0,0,0,0,1,0,0,0,0,0,0,0,PHP,data/train/PHP/s198196053.php
0,10,0,0,0,0,0,0,0,7,0,0,0,0,0,0,0,0,0,0,0,0,2,0,PHP,data/train/PHP/s819985569.php
0,15,0,0,0,0,0,0,0,6,7,0,0,0,0,0,0,0,0,0,0,0,1,5,PHP,data/train/PHP/s405579225.php
0,12,0,0,0,0,0,2,0,8,1,0,0,0,0,0,0,0,0,0,0,0,2,0,PHP,data/train/PHP/s133842756.php
0,20,0,0,0,10,0,10,1,27,27,0,0,0,0,0,3,1,0,0,0,0,0,0,PHP,data/train/PHP/s512529925.php
0,11,0,0,0,5,0,0,0,8,7,0,0,0,0,0,0,0,0,0,0,0,5,0,PHP,data/train/PHP/s899955607.php
0,17,0,0,0,3,0,0,0,7,2,0,0,0,0,0,0,0,0,0,0,0,0,4,PHP,data/train/PHP/s686128270.php
0,16,0,0,0,0,0,4,0,11,11,0,0,0,0,0,0,0,0,0,0,0,3,0,PHP,data/train/PHP/s436185508.php
0,0,0,0,0,0,0,0,0,5,0,0,0,0,0,0,0,0,0,0,0,0,0,0,PHP,data/train/PHP/s822322523.php
0,45,0,0,0,0,0,9,6,13,6,0,0,0,0,0,0,0,0,0,0,0,0,11,PHP,data/train/PHP/s122308120.php
0,11,0,0,0,0,0,7,0,18,2,0,0,0,0,0,0,0,0,0,0,0,0,0,PHP,data/train/PHP/s548668791.php
0,16,0,0,0,0,0,4,0,11,11,0,0,0,0,0,0,0,0,0,0,0,3,0,PHP,data/train/PHP/s682378491.php
0,16,0,0,0,0,0,4,1,9,9,0,0,0,0,0,0,1,0,0,0,0,3,16,PHP,data/train/PHP/s802797495.php
0,21,0,0,0,2,0,0,6,9,9,0,0,0,0,0,7,1,0,0,0,0,0,0,PHP,data/train/PHP/s963523367.php
0,22,0,0,0,1,0,0,0,9,0,0,0,0,0,0,0,0,0,0,0,0,3,13,PHP,data/train/PHP/s883108174.php
0,16,0,0,0,0,0,4,0,11,11,0,0,0,0,0,0,0,0,0,0,0,3,0,PHP,data/train/PHP/s245723388.php
0,16,0,0,0,0,0,4,0,11,11,0,0,0,0,0,0,0,0,0,0,0,3,0,PHP,data/train/PHP/s625593733.php
0,14,0,0,0,0,0,1,0,6,6,0,0,0,0,0,0,6,0,0,0,0,0,0,PHP,data/train/PHP/s721571987.php
0,13,0,0,0,9,0,0,0,17,17,0,0,0,0,0,0,0,0,0,0,0,0,0,PHP,data/train/PHP/s739014634.php
0,25,0,0,0,0,0,0,0,9,6,0,0,0,0,0,0,7,0,0,0,0,4,10,PHP,data/train/PHP/s614070342.php
0,33,0,0,0,0,0,1,6,15,3,0,0,0,0,0,0,2,0,0,0,0,3,0,PHP,data/train/PHP/s462639214.php
0,33,0,0,0,3,0,7,0,18,5,0,0,0,0,0,0,0,0,0,0,0,1,0,PHP,data/train/PHP/s220066311.php
0,9,0,0,0,0,0,3,1,7,7,0,0,0,0,0,0,0,0,0,0,0,0,0,PHP,data/train/PHP/s720219035.php
0,31,0,0,1,0,0,0,0,16,0,0,0,0,0,0,0,0,0,0,10,0,7,4,JavaScript,data/train/JavaScript/s516187309.js
0,25,0,0,3,1,0,0,3,9,1,0,0,0,0,0,0,0,0,0,13,0,0,1,JavaScript,data/train/JavaScript/s143744061.js
0,32,0,0,2,0,0,0,1,10,0,0,0,0,0,0,0,0,0,0,15,0,2,6,JavaScript,data/train/JavaScript/s241128890.js
0,40,0,0,1,0,0,0,0,16,0,0,0,0,0,0,0,0,0,0,19,0,7,5,JavaScript,data/train/JavaScript/s765538567.js
0,27,0,0,3,1,0,0,3,9,1,0,0,0,0,0,0,0,0,0,15,0,0,1,JavaScript,data/train/JavaScript/s866451188.js
0,9,0,0,0,4,0,0,2,9,1,0,0,0,0,0,0,0,0,0,7,0,1,0,JavaScript,data/train/JavaScript/s533288244.js
0,14,0,0,0,1,0,0,2,6,0,0,0,0,0,0,0,0,0,0,11,0,0,1,JavaScript,data/train/JavaScript/s925175165.js
0,19,0,0,8,1,0,0,1,7,0,0,0,0,0,0,0,0,0,0,4,0,0,5,JavaScript,data/train/JavaScript/s376764417.js
0,15,0,0,0,1,0,0,2,6,0,0,0,0,0,0,0,0,0,0,12,0,0,1,JavaScript,data/train/JavaScript/s473457833.js
0,14,0,0,6,2,0,1,1,12,12,0,0,0,0,0,0,0,0,0,9,0,0,4,JavaScript,data/train/JavaScript/s245529578.js
0,13,0,0,0,5,0,4,7,9,14,0,0,0,0,0,0,0,0,0,12,0,5,0,JavaScript,data/train/JavaScript/s919762608.js
0,7,0,0,0,0,0,0,1,9,2,0,0,0,0,0,0,0,0,1,5,0,1,0,JavaScript,data/train/JavaScript/s755711650.js
0,19,0,0,3,8,0,0,0,6,5,0,0,0,0,0,0,0,0,0,6,0,0,0,JavaScript,data/train/JavaScript/s263431960.js
0,27,0,0,2,5,0,6,0,19,19,0,0,0,0,0,0,0,0,0,13,0,0,0,JavaScript,data/train/JavaScript/s072262521.js
0,36,0,0,9,11,0,6,2,19,27,0,0,0,0,0,0,0,0,0,22,0,0,2,JavaScript,data/train/JavaScript/s770851998.js
0,26,0,0,3,1,0,0,2,8,1,0,0,0,0,0,0,0,0,0,15,0,0,1,JavaScript,data/train/JavaScript/s770856450.js
0,10,0,0,6,2,0,0,0,6,2,0,0,0,0,0,0,0,0,0,6,0,0,0,JavaScript,data/train/JavaScript/s494377480.js
0,20,0,0,2,0,0,0,0,6,0,0,0,0,0,0,0,0,0,0,8,0,0,3,JavaScript,data/train/JavaScript/s363092768.js
0,12,0,0,0,1,0,0,2,10,2,0,0,0,0,0,0,0,0,1,10,0,0,0,JavaScript,data/train/JavaScript/s724428962.js
0,12,0,0,0,1,0,0,2,6,2,0,0,0,0,0,0,0,0,0,12,0,0,1,JavaScript,data/train/JavaScript/s346551070.js
0,19,0,0,3,8,0,0,0,6,5,0,0,0,0,0,0,0,0,0,6,0,0,0,JavaScript,data/train/JavaScript/s281318167.js
0,25,0,0,2,3,0,0,5,4,0,0,0,0,0,0,0,0,0,0,15,0,0,1,JavaScript,data/train/JavaScript/s943624563.js
0,11,0,0,0,0,0,0,0,7,0,0,0,0,0,0,0,0,0,0,10,0,0,1,JavaScript,data/train/JavaScript/s700687915.js
0,13,0,0,2,0,0,7,0,5,5,0,0,0,0,0,0,0,0,0,7,0,0,14,JavaScript,data/train/JavaScript/s866525647.js
0,4,0,0,0,0,0,0,1,9,2,0,0,0,0,0,0,0,0,0,3,0,1,0,JavaScript,data/train/JavaScript/s468592517.js
0,15,0,0,3,0,0,14,16,20,20,0,0,0,0,0,0,0,0,0,7,0,0,0,JavaScript,data/train/JavaScript/s724597257.js
0,23,0,0,3,1,0,0,3,8,1,0,0,0,0,0,0,0,0,0,13,0,0,1,JavaScript,data/train/JavaScript/s305429437.js
0,15,0,0,2,0,0,0,0,3,0,0,0,0,0,0,0,0,0,0,3,0,33,1,JavaScript,data/train/JavaScript/s633711166.js
0,42,0,0,2,5,0,9,0,15,25,0,0,0,0,0,0,0,0,0,15,0,1,0,JavaScript,data/train/JavaScript/s432986647.js
0,18,0,0,1,0,0,0,4,5,0,0,0,0,0,0,0,0,0,0,11,0,0,2,JavaScript,data/train/JavaScript/s119157679.js
0,48,0,0,13,6,0,10,0,12,23,0,0,0,0,0,0,0,0,0,17,0,1,0,JavaScript,data/train/JavaScript/s387227862.js
0,25,0,0,3,1,0,0,3,9,1,0,0,0,0,0,0,0,0,0,13,0,0,1,JavaScript,data/train/JavaScript/s433925855.js
0,11,0,0,0,0,0,0,1,9,1,0,0,0,0,0,0,0,0,0,6,0,0,2,JavaScript,data/train/JavaScript/s134034352.js
0,26,0,0,3,1,0,0,2,8,1,0,0,0,0,0,0,0,0,0,15,0,0,1,JavaScript,data/train/JavaScript/s390721018.js
0,20,0,0,2,1,0,0,0,8,0,0,0,5,0,0,0,0,0,0,0,0,0,4,JavaScript,data/train/JavaScript/s830640438.js
0,26,0,0,3,1,0,0,3,9,1,0,0,0,0,0,0,0,0,0,14,0,0,1,JavaScript,data/train/JavaScript/s913110988.js
0,1,0,0,0,0,0,0,0,5,0,0,0,0,0,0,0,0,0,0,13,0,0,0,JavaScript,data/train/JavaScript/s148437794.js
0,19,0,0,6,1,0,0,2,7,0,0,0,0,0,0,0,0,0,0,5,0,0,4,JavaScript,data/train/JavaScript/s791907691.js
0,20,0,0,1,0,0,0,0,12,2,0,0,0,0,0,0,0,0,0,5,0,1,1,JavaScript,data/train/JavaScript/s118137524.js
0,26,0,0,3,1,0,0,2,9,1,0,0,0,0,0,0,0,0,0,13,0,0,1,JavaScript,data/train/JavaScript/s551462802.js
0,12,0,0,0,1,0,0,2,6,2,0,0,0,0,0,0,0,0,0,12,0,0,1,JavaScript,data/train/JavaScript/s857379582.js
0,26,0,0,3,2,0,0,2,9,1,0,0,0,0,0,0,0,0,0,15,0,0,1,JavaScript,data/train/JavaScript/s684345421.js
0,14,0,0,0,1,0,0,2,6,0,0,0,0,0,0,0,0,0,0,11,0,0,1,JavaScript,data/train/JavaScript/s140783790.js
0,40,0,0,1,0,0,0,0,16,0,0,0,0,0,0,0,0,0,0,19,0,7,5,JavaScript,data/train/JavaScript/s340239034.js
0,38,0,0,1,0,0,0,0,16,0,0,0,0,0,0,0,0,0,0,17,0,7,5,JavaScript,data/train/JavaScript/s077602790.js
0,1,0,0,0,0,0,0,0,5,0,0,0,0,0,0,0,0,0,0,13,0,0,0,JavaScript,data/train/JavaScript/s839760983.js
0,13,0,0,0,0,0,0,1,10,1,0,0,0,0,0,0,0,0,0,8,0,2,2,JavaScript,data/train/JavaScript/s454472927.js
0,14,0,0,2,0,0,9,0,4,4,0,0,0,0,0,0,0,0,0,5,0,0,0,JavaScript,data/train/JavaScript/s759944954.js
0,23,0,0,2,0,0,0,4,9,0,0,0,0,0,0,0,0,0,0,7,0,0,5,JavaScript,data/train/JavaScript/s473196991.js
0,27,0,0,3,1,0,0,3,9,1,0,0,0,0,0,0,0,0,0,15,0,0,1,JavaScript,data/train/JavaScript/s401638975.js
0,19,0,0,8,1,0,0,1,7,0,0,0,0,0,0,0,0,0,0,4,0,0,6,JavaScript,data/train/JavaScript/s984717087.js
0,7,0,0,0,0,0,0,1,9,2,0,0,0,0,0,0,0,0,1,4,0,1,0,JavaScript,data/train/JavaScript/s950431504.js
0,12,0,0,0,1,0,0,2,6,2,0,0,0,0,0,0,0,0,0,12,0,0,1,JavaScript,data/train/JavaScript/s125608369.js
0,39,0,0,2,5,0,8,0,11,20,0,0,0,0,0,0,0,0,0,8,0,1,0,JavaScript,data/train/JavaScript/s852739829.js
0,10,0,0,0,3,0,2,1,4,10,0,0,0,0,0,0,0,0,0,5,0,2,0,JavaScript,data/train/JavaScript/s266185589.js
0,27,0,0,2,0,0,0,1,8,0,0,0,0,0,0,0,0,0,0,11,0,0,5,JavaScript,data/train/JavaScript/s846993603.js
0,8,0,0,0,1,0,0,2,10,2,0,0,0,0,0,0,0,0,1,6,0,0,0,JavaScript,data/train/JavaScript/s460575055.js
0,13,0,0,0,8,0,2,0,1,11,0,0,0,0,0,0,0,0,0,5,0,0,0,JavaScript,data/train/JavaScript/s109622947.js
0,11,0,0,0,0,0,0,1,9,1,0,0,0,0,0,0,0,0,0,6,0,2,2,JavaScript,data/train/JavaScript/s663178626.js
0,12,0,0,0,1,0,0,2,6,2,0,0,0,0,0,0,0,0,0,12,0,0,1,JavaScript,data/train/JavaScript/s932159532.js
0,31,0,0,1,0,0,0,0,16,0,0,0,0,0,0,0,0,0,0,10,0,7,4,JavaScript,data/train/JavaScript/s321151040.js
0,3,0,0,2,20,0,19,16,22,23,0,0,0,0,0,0,0,0,0,2,0,0,0,JavaScript,data/train/JavaScript/s484127236.js
0,7,0,0,2,7,0,5,0,7,7,0,0,0,0,0,0,0,0,0,6,0,1,0,JavaScript,data/train/JavaScript/s536872514.js
0,12,0,0,0,8,0,2,0,3,11,0,0,0,0,0,0,0,0,0,5,0,0,0,JavaScript,data/train/JavaScript/s267589989.js
0,41,0,0,5,6,0,9,0,13,23,0,0,0,0,0,0,0,0,0,12,0,1,0,JavaScript,data/train/JavaScript/s115192878.js
0,7,0,0,4,10,0,9,3,16,17,0,0,0,0,0,0,0,0,0,3,0,0,0,JavaScript,data/train/JavaScript/s943782048.js
0,16,0,0,4,0,0,5,8,11,12,0,0,0,0,0,0,0,0,0,10,0,0,0,JavaScript,data/train/JavaScript/s459376080.js
0,31,0,0,1,0,0,0,0,16,0,0,0,0,0,0,0,0,0,0,10,0,7,4,JavaScript,data/train/JavaScript/s326189827.js
0,42,0,0,16,12,0,9,2,27,33,0,0,0,0,0,0,0,0,0,24,0,0,3,JavaScript,data/train/JavaScript/s547806802.js
0,27,0,0,3,1,0,0,3,9,1,0,0,0,0,0,0,0,0,0,15,0,0,1,JavaScript,data/train/JavaScript/s384952762.js
0,5,0,0,0,4,0,0,2,11,1,0,0,0,0,0,0,0,0,0,5,0,0,0,JavaScript,data/train/JavaScript/s573485911.js
0,16,0,0,2,0,0,4,4,9,10,0,0,0,0,0,0,0,0,0,7,0,0,0,JavaScript,data/train/JavaScript/s967275440.js
0,26,0,0,3,1,0,0,2,8,1,0,0,0,0,0,0,0,0,0,15,0,0,1,JavaScript,data/train/JavaScript/s989878966.js
0,25,0,0,3,1,0,0,3,9,1,0,0,0,0,0,0,0,0,0,13,0,0,1,JavaScript,data/train/JavaScript/s373824627.js
0,17,0,0,2,2,0,0,1,5,5,0,0,0,0,0,0,0,0,0,14,0,0,3,JavaScript,data/train/JavaScript/s864221683.js
0,18,0,0,0,6,0,2,3,2,9,0,0,0,0,0,0,0,0,0,13,0,0,0,JavaScript,data/train/JavaScript/s598988242.js
0,14,0,0,0,1,0,0,2,6,0,0,0,0,0,0,0,0,0,0,11,0,0,1,JavaScript,data/train/JavaScript/s844464721.js
0,35,0,0,6,6,0,10,0,25,27,0,0,0,0,0,0,0,0,0,12,0,3,0,JavaScript,data/train/JavaScript/s755829452.js
0,20,0,0,2,5,0,1,4,5,8,0,0,0,0,0,0,0,0,0,15,0,0,0,JavaScript,data/train/JavaScript/s756490594.js
0,11,0,0,0,0,0,0,1,9,1,0,0,0,0,0,0,0,0,0,6,0,2,2,JavaScript,data/train/JavaScript/s364402754.js
0,12,0,0,0,1,0,0,2,6,2,0,0,0,0,0,0,0,0,0,12,0,0,1,JavaScript,data/train/JavaScript/s197578034.js
0,12,0,0,0,1,0,0,2,6,2,0,0,0,0,0,0,0,0,0,12,0,0,1,JavaScript,data/train/JavaScript/s125852029.js
0,9,0,0,0,2,0,3,0,11,15,0,0,0,0,0,0,0,0,1,3,0,0,1,JavaScript,data/train/JavaScript/s558815044.js
0,24,0,0,3,1,0,0,3,8,1,0,0,0,0,0,0,0,0,0,13,0,0,1,JavaScript,data/train/JavaScript/s105893700.js
0,11,0,0,0,0,0,0,1,9,1,0,0,0,0,0,0,0,0,0,6,0,2,2,JavaScript,data/train/JavaScript/s662670541.js
0,7,0,0,2,7,0,5,0,7,7,0,0,0,0,0,0,0,0,0,6,0,1,0,JavaScript,data/train/JavaScript/s875991784.js
0,26,0,0,3,1,0,0,3,9,1,0,0,0,0,0,0,0,0,0,14,0,0,1,JavaScript,data/train/JavaScript/s351759258.js
0,26,0,0,2,2,0,0,5,4,0,0,0,0,0,0,0,0,0,0,15,0,0,1,JavaScript,data/train/JavaScript/s273706029.js
0,18,0,0,0,6,0,2,3,2,9,0,0,0,0,0,0,0,0,0,13,0,0,0,JavaScript,data/train/JavaScript/s106570318.js
0,31,0,0,1,0,0,0,0,16,0,0,0,0,0,0,0,0,0,0,10,0,4,4,JavaScript,data/train/JavaScript/s347729636.js
0,4,0,0,0,2,0,0,0,5,2,0,0,0,0,0,0,0,0,0,0,5,0,0,C,data/train/C/s731628404.c
1,11,0,0,1,1,0,3,2,9,10,0,0,0,0,0,0,0,0,0,0,3,6,0,C,data/train/C/s390575908.c
0,0,0,0,0,1,0,0,0,17,0,0,0,0,0,0,0,0,0,0,0,2,0,0,C,data/train/C/s975662148.c
3,12,0,0,0,1,0,0,0,10,0,0,0,0,0,0,0,0,0,0,0,3,0,1,C,data/train/C/s367873045.c
0,2,0,0,3,1,0,3,4,6,6,0,0,0,0,0,0,0,0,0,0,5,2,0,C,data/train/C/s506652406.c
1,2,0,0,0,2,0,0,0,13,0,0,0,0,0,0,0,0,0,0,0,5,0,0,C,data/train/C/s660849316.c
0,10,0,0,1,1,0,0,0,7,7,0,0,0,0,0,0,0,0,0,0,2,1,9,C,data/train/C/s656473384.c
0,13,0,0,0,4,0,6,0,10,0,0,0,0,0,0,0,0,0,0,0,2,2,0,C,data/train/C/s771442573.c
0,0,0,0,0,1,0,0,0,10,0,0,0,0,0,0,0,0,0,0,0,3,0,0,C,data/train/C/s489409741.c
0,0,0,0,0,3,0,0,0,12,0,0,0,0,0,0,0,0,0,0,0,6,0,0,C,data/train/C/s288806000.c
0,2,0,0,1,2,0,0,0,14,0,0,0,0,0,0,0,0,0,0,0,4,6,28,C,data/train/C/s674203013.c
1,18,0,0,0,3,0,0,4,7,7,0,0,0,0,0,0,0,0,0,0,0,4,0,C,data/train/C/s396395858.c
0,4,0,0,1,1,0,1,0,3,3,0,0,0,0,0,0,0,0,0,0,3,0,0,C,data/train/C/s572427900.c
3,9,0,2,0,1,0,0,2,7,7,0,0,0,0,0,0,0,0,0,0,1,0,0,C,data/train/C/s183311349.c
1,16,0,1,0,2,0,0,0,6,6,0,0,0,0,0,0,0,0,0,0,0,4,0,C,data/train/C/s919230541.c
0,0,0,0,0,0,0,0,0,2,0,0,0,0,0,0,0,0,0,0,0,2,0,0,C,data/train/C/s557003159.c
0,7,0,0,2,1,0,3,0,6,6,0,0,0,0,0,0,0,0,0,0,2,1,0,C,data/train/C/s133554311.c
3,6,0,0,0,1,0,9,0,9,9,0,0,0,0,0,0,0,0,0,0,3,4,0,C,data/train/C/s805668606.c
1,12,0,0,0,1,0,0,0,4,0,0,0,0,0,0,0,0,0,0,0,2,1,0,C,data/train/C/s834420817.c
0,3,0,0,0,3,0,2,0,7,7,0,0,0,0,0,0,0,0,0,0,6,1,0,C,data/train/C/s985472481.c
0,0,0,0,0,1,0,0,0,1,1,0,0,0,0,0,0,0,0,0,0,1,0,0,C,data/train/C/s767811320.c
1,3,0,0,0,4,0,0,0,10,10,0,0,0,0,1,0,0,0,0,0,8,1,7,C,data/train/C/s225100775.c
6,13,0,2,0,1,0,4,0,9,9,2,0,0,0,0,0,0,0,0,0,1,2,0,C,data/train/C/s356937035.c
0,6,0,0,0,1,0,0,7,2,1,0,0,0,0,0,0,0,0,0,0,2,0,0,C,data/train/C/s415490111.c
0,2,0,0,0,1,0,0,0,2,2,0,0,0,0,0,0,0,0,0,0,2,1,22,C,data/train/C/s709362278.c
1,2,0,0,0,2,0,0,0,14,0,0,0,0,0,0,0,0,0,0,0,5,0,0,C,data/train/C/s584934011.c
1,12,0,0,3,1,0,0,0,7,7,0,0,0,0,0,0,0,0,0,0,4,1,0,C,data/train/C/s152219447.c
0,2,0,0,0,1,0,0,0,2,2,0,0,0,0,0,0,0,0,0,0,2,1,46,C,data/train/C/s182354352.c
0,9,0,0,1,1,0,1,0,10,10,0,0,0,0,0,0,0,0,0,0,8,1,0,C,data/train/C/s258615037.c
0,0,0,0,0,1,0,0,0,3,0,0,0,0,0,0,0,0,0,0,0,2,0,0,C,data/train/C/s488701508.c
0,0,0,0,0,2,0,0,0,9,3,0,0,0,0,0,0,0,0,0,0,14,0,0,C,data/train/C/s463923483.c
6,10,0,2,0,2,0,2,0,8,8,2,0,0,0,0,0,0,0,0,0,1,0,0,C,data/train/C/s674116238.c
0,2,0,0,0,1,0,0,0,2,2,0,0,0,0,0,0,0,0,0,0,2,1,55,C,data/train/C/s421122340.c
0,9,0,0,5,1,0,4,3,10,9,0,0,0,0,0,0,0,0,0,0,17,0,0,C,data/train/C/s733148499.c
0,16,0,0,1,2,0,0,1,6,6,0,0,0,0,0,0,0,0,0,0,3,1,0,C,data/train/C/s594171644.c
0,2,0,0,0,1,0,0,0,2,2,0,0,0,0,0,0,0,0,0,0,2,1,21,C,data/train/C/s995344363.c
0,12,0,0,1,1,0,0,0,4,0,0,0,0,0,0,0,0,0,0,0,7,0,25,C,data/train/C/s234892228.c
0,10,0,0,3,1,0,2,0,3,3,0,0,0,0,0,0,0,0,0,0,5,1,0,C,data/train/C/s751742486.c
0,0,0,0,0,0,0,0,0,2,0,0,0,0,0,0,0,0,0,0,0,2,0,0,C,data/train/C/s156539667.c
0,8,0,0,0,1,0,3,0,8,8,0,0,0,0,0,0,0,0,0,0,7,2,0,C,data/train/C/s586715778.c
0,11,0,0,1,1,0,4,6,8,6,0,0,0,0,0,0,0,0,0,0,4,2,0,C,data/train/C/s693923436.c
0,0,0,0,0,3,0,1,0,8,3,0,0,0,0,0,0,0,0,0,0,2,0,0,C,data/train/C/s924317865.c
0,2,0,0,2,7,0,5,4,6,6,0,0,0,0,0,0,0,0,0,0,5,2,0,C,data/train/C/s520061711.c
0,2,0,0,0,1,0,0,0,2,2,0,0,0,0,0,0,0,0,0,0,2,1,52,C,data/train/C/s298952693.c
0,10,0,0,1,1,0,3,0,10,10,0,0,0,0,0,0,0,0,0,0,5,1,0,C,data/train/C/s957179855.c
1,13,0,0,0,2,0,1,0,9,8,0,0,0,0,0,0,0,0,0,0,2,0,0,C,data/train/C/s174492659.c
0,3,0,0,0,3,0,0,0,11,0,0,0,0,0,0,0,0,0,0,0,12,2,0,C,data/train/C/s470601486.c
1,9,0,0,2,1,0,8,0,19,18,0,0,0,0,0,0,0,0,0,0,3,5,0,C,data/train/C/s246661075.c
1,6,0,0,0,2,0,0,0,6,0,0,0,0,0,0,0,0,0,0,0,7,1,1,C,data/train/C/s362419821.c
0,0,0,0,0,1,0,0,0,4,0,0,0,0,0,0,0,0,0,0,0,6,0,0,C,data/train/C/s470274169.c
1,29,0,0,1,1,0,1,6,6,5,0,0,0,0,0,0,0,0,0,0,2,0,0,C,data/train/C/s797994698.c
0,0,0,0,0,2,0,0,0,15,2,0,0,0,0,0,0,0,0,0,0,4,0,0,C,data/train/C/s989159370.c
0,10,0,0,6,1,0,3,2,12,12,0,0,0,0,0,0,0,0,0,0,20,0,4,C,data/train/C/s414709079.c
0,6,0,0,0,3,0,0,0,5,5,0,0,0,0,0,0,0,0,0,0,10,0,0,C,data/train/C/s849305363.c
0,0,0,0,0,1,0,0,0,11,11,0,0,0,0,0,0,0,0,0,0,2,0,0,C,data/train/C/s299127681.c
2,15,0,0,0,4,0,7,2,9,9,1,0,0,0,0,0,0,0,0,0,3,3,9,C,data/train/C/s436438233.c
3,17,0,0,10,4,0,3,1,12,12,8,0,0,0,0,0,0,0,0,0,15,0,0,C,data/train/C/s092364643.c
0,10,0,0,1,1,0,0,0,6,0,0,0,0,0,0,0,0,0,0,0,3,1,0,C,data/train/C/s785878750.c
0,2,0,0,1,2,0,1,1,4,4,0,0,0,0,0,0,0,0,0,0,5,1,0,C,data/train/C/s719662295.c
0,14,0,0,3,4,0,0,0,9,4,0,0,0,0,0,0,0,0,0,0,3,1,0,C,data/train/C/s130508500.c
0,2,0,0,0,3,0,0,0,11,3,0,0,0,0,0,0,0,0,0,0,14,3,0,C,data/train/C/s440843877.c
0,2,0,0,0,1,0,0,0,2,2,0,0,0,0,0,0,0,0,0,0,2,1,28,C,data/train/C/s275698564.c
0,5,0,0,2,1,0,5,0,8,8,0,0,0,0,0,0,0,0,0,0,5,4,4,C,data/train/C/s815693835.c
0,2,0,0,2,5,0,3,4,5,5,0,0,0,0,0,0,0,0,0,0,5,1,0,C,data/train/C/s191215804.c
0,0,0,0,0,0,0,0,0,2,0,0,0,0,0,0,0,0,0,0,0,2,0,0,C,data/train/C/s577365954.c
3,3,0,0,0,1,0,2,0,7,7,0,0,0,0,0,0,0,0,0,0,3,2,0,C,data/train/C/s776521857.c
0,2,0,0,0,1,0,0,0,2,2,0,0,0,0,0,0,0,0,0,0,2,1,53,C,data/train/C/s952416294.c
0,6,0,0,2,1,0,0,0,4,1,0,0,0,0,0,0,0,0,0,0,5,6,0,C,data/train/C/s455061043.c
11,5,0,0,0,0,0,1,0,3,3,0,0,0,0,0,0,0,0,0,0,1,0,0,C,data/train/C/s279819978.c
0,0,0,0,0,2,0,0,0,8,0,0,0,0,0,0,0,0,0,0,0,11,0,0,C,data/train/C/s152112482.c
0,0,0,0,0,0,0,0,0,2,0,0,0,0,0,0,0,0,0,0,0,2,0,0,C,data/train/C/s785863929.c
0,10,0,0,0,1,0,0,0,8,9,0,0,0,0,0,0,0,0,0,0,5,1,0,C,data/train/C/s088353762.c
0,0,0,0,0,1,0,0,0,10,1,0,0,0,0,0,0,0,0,0,0,4,0,0,C,data/train/C/s321549998.c
0,18,0,0,0,3,0,0,2,10,0,0,0,0,0,0,0,0,0,0,0,1,2,0,C,data/train/C/s958981129.c
2,0,0,0,0,1,0,0,0,6,1,0,0,0,0,0,0,0,0,0,0,5,0,0,C,data/train/C/s330822575.c
0,51,0,0,0,1,0,0,0,10,0,0,0,0,0,0,0,0,0,0,0,3,0,0,C,data/train/C/s232283537.c
0,0,0,0,0,8,0,6,0,10,10,0,0,0,0,0,0,0,0,0,0,4,0,0,C,data/train/C/s637497519.c
0,8,0,0,0,1,0,2,8,4,4,0,0,0,0,0,0,0,0,0,0,2,2,10,C,data/train/C/s511770803.c
0,12,0,0,0,1,0,6,6,2,2,0,0,0,0,0,0,0,0,0,0,1,0,8,C,data/train/C/s174784577.c
2,0,0,1,0,3,0,0,0,6,3,0,0,0,0,0,0,0,0,0,0,6,0,0,C,data/train/C/s254799539.c
0,0,0,0,0,1,0,10,0,11,0,0,0,0,0,0,0,0,0,0,0,13,0,0,C,data/train/C/s655396868.c
3,11,0,0,12,1,0,2,5,10,11,0,0,0,0,0,0,0,0,0,0,4,0,1,C,data/train/C/s329427758.c
1,2,0,0,0,2,0,0,0,13,0,0,0,0,0,0,0,0,0,0,0,5,0,0,C,data/train/C/s150834821.c
2,15,0,0,4,3,0,1,0,8,8,0,0,0,0,0,0,0,0,0,0,19,3,0,C,data/train/C/s100268915.c
0,0,0,0,0,1,0,0,0,2,0,0,0,0,0,0,0,0,0,0,0,3,0,0,C,data/train/C/s695986174.c
0,10,0,0,6,2,0,2,1,10,10,0,0,0,0,0,0,0,0,0,0,4,1,0,C,data/train/C/s709216667.c
0,2,0,0,0,1,0,0,0,2,2,0,0,0,0,0,0,0,0,0,0,2,1,28,C,data/train/C/s612037067.c
0,0,0,0,0,1,0,9,0,16,16,0,0,0,0,0,0,0,0,0,0,5,0,0,C,data/train/C/s477259846.c
0,17,0,0,3,2,0,5,2,18,1,0,0,0,0,0,0,0,0,0,0,2,4,0,C,data/train/C/s886175902.c
0,21,0,1,10,8,0,0,1,23,2,0,0,0,0,0,0,0,0,0,0,13,4,0,C,data/train/C/s637528533.c
0,8,0,0,0,11,0,2,4,17,2,0,0,0,0,1,0,0,0,0,0,1,2,0,D,data/train/D/s501025159.d
0,11,0,0,0,21,0,14,3,27,27,5,0,0,0,15,0,0,0,0,0,0,13,0,D,data/train/D/s411023257.d
0,14,0,0,0,0,0,0,0,13,0,0,0,0,0,5,0,0,0,0,0,3,5,0,D,data/train/D/s424926649.d
0,10,0,0,0,5,0,0,0,17,4,1,0,0,0,7,0,0,0,0,0,0,1,0,D,data/train/D/s161336108.d
0,0,0,0,0,0,0,0,0,12,0,0,0,0,0,1,0,0,0,0,0,1,0,0,D,data/train/D/s166701636.d
0,0,0,0,0,0,0,0,0,5,5,0,0,0,0,2,0,0,0,0,0,1,0,0,D,data/train/D/s516605822.d
0,69,0,0,0,1,0,0,0,5,5,0,0,0,0,1,0,0,0,0,0,1,0,0,D,data/train/D/s336587052.d
0,18,0,0,0,7,0,0,0,21,4,1,0,0,0,8,0,0,0,0,0,11,1,0,D,data/train/D/s921317342.d
0,9,0,0,0,3,0,0,0,18,18,0,0,0,0,1,0,0,0,0,0,7,4,0,D,data/train/D/s826519697.d
0,10,0,0,2,17,0,0,2,16,16,1,0,0,0,1,0,0,0,0,0,4,8,0,D,data/train/D/s713404724.d
0,1,0,0,0,7,0,0,0,4,7,0,0,0,0,5,0,0,0,0,0,0,37,0,D,data/train/D/s869957738.d
0,22,0,0,0,1,0,0,13,7,8,0,0,0,0,1,0,0,0,0,0,0,2,0,D,data/train/D/s882695958.d
0,13,0,0,0,5,0,0,0,17,4,1,0,0,0,9,0,0,0,0,0,1,0,2,D,data/train/D/s333253408.d
0,9,0,0,0,5,0,0,2,14,4,1,0,0,0,8,0,0,0,0,0,4,2,1,D,data/train/D/s897288169.d
0,13,0,0,4,6,0,4,17,9,10,0,0,0,0,7,0,0,0,0,0,1,4,12,D,data/train/D/s724333350.d
0,20,0,0,7,0,0,0,5,8,8,0,0,0,0,1,0,0,0,0,0,0,1,0,D,data/train/D/s350708481.d
0,4,0,0,0,11,0,0,0,8,8,0,0,0,0,2,0,0,0,0,0,2,0,0,D,data/train/D/s841181846.d
0,16,0,0,0,5,0,0,0,31,4,1,0,0,0,7,0,0,0,0,0,6,2,0,D,data/train/D/s370632331.d
0,13,0,0,0,0,0,2,0,7,7,0,0,0,0,12,0,0,0,0,0,2,1,0,D,data/train/D/s328734535.d
0,9,0,0,0,3,0,4,0,9,9,0,0,0,0,5,0,0,0,0,0,3,3,1,D,data/train/D/s721745835.d
0,7,0,0,0,0,0,0,0,20,0,0,0,0,0,1,0,0,0,0,0,3,16,0,D,data/train/D/s304449212.d
0,3,0,0,0,9,0,0,0,8,8,0,0,0,0,2,0,0,0,0,0,2,0,0,D,data/train/D/s559678886.d
0,10,0,0,0,5,0,0,1,16,4,1,0,0,0,8,0,0,0,0,0,1,0,0,D,data/train/D/s349929635.d
0,6,0,0,0,7,0,14,6,10,10,0,0,0,0,6,0,0,0,0,0,0,5,0,D,data/train/D/s751557834.d
0,19,0,0,0,5,0,0,4,16,4,1,0,0,0,7,0,0,0,0,0,1,0,0,D,data/train/D/s322715447.d
0,18,0,0,0,5,0,0,0,24,4,1,0,0,0,7,0,0,0,0,0,5,1,0,D,data/train/D/s659261794.d
0,32,0,0,0,43,0,36,3,59,59,9,0,0,0,31,1,0,0,0,0,12,5,7,D,data/train/D/s862079443.d
0,20,0,0,0,1,0,0,18,2,1,0,0,0,0,6,0,0,0,0,0,1,0,0,D,data/train/D/s681026769.d
0,7,0,0,0,5,0,0,0,19,4,1,0,0,0,7,0,0,0,0,0,0,0,0,D,data/train/D/s546640953.d
0,5,0,0,0,2,0,3,0,8,8,0,0,0,0,5,0,0,0,0,0,0,1,2,D,data/train/D/s149334627.d
0,4,0,0,0,7,0,0,0,7,7,0,0,0,0,2,0,0,0,0,0,2,0,0,D,data/train/D/s612710926.d
0,4,0,0,2,0,0,6,12,11,11,0,0,0,0,1,0,0,0,0,0,1,2,0,D,data/train/D/s411328501.d
0,6,0,0,1,0,0,3,1,10,10,0,0,0,0,6,0,0,0,0,0,3,2,1,D,data/train/D/s940130921.d
0,11,0,0,0,1,0,7,3,9,9,0,0,0,0,5,0,0,0,0,0,7,8,2,D,data/train/D/s081010356.d
0,1,0,0,0,0,0,0,0,17,17,0,0,0,0,1,0,0,0,0,0,0,1,0,D,data/train/D/s232764617.d
0,19,0,0,3,1,0,0,5,6,1,0,0,0,0,6,0,0,0,0,0,3,1,0,D,data/train/D/s872367238.d
0,10,0,0,0,0,0,0,0,10,0,0,0,0,0,5,0,0,0,0,0,3,5,0,D,data/train/D/s244784647.d
0,12,2,0,0,5,0,5,0,16,16,0,0,0,0,8,0,0,0,0,0,8,5,0,D,data/train/D/s937027306.d
0,13,0,0,1,5,0,3,7,11,11,0,0,0,0,1,0,0,0,0,0,4,2,6,D,data/train/D/s902564070.d
0,8,0,0,0,4,0,10,1,16,16,0,0,0,0,3,0,0,0,0,0,4,12,0,D,data/train/D/s797796110.d
0,31,0,0,0,8,0,0,1,23,4,1,0,0,0,8,0,0,0,0,0,2,0,0,D,data/train/D/s737504309.d
0,11,0,0,0,0,0,0,0,14,0,0,0,0,0,6,0,0,0,0,0,2,1,0,D,data/train/D/s877595018.d
0,9,0,0,0,0,0,0,0,13,1,0,0,0,0,10,0,0,0,0,0,4,5,0,D,data/train/D/s634557189.d
0,18,0,0,0,6,0,0,0,26,6,0,0,0,0,3,0,0,0,0,0,3,0,5,D,data/train/D/s881761411.d
0,17,0,0,8,0,0,2,0,12,12,0,0,0,0,2,0,0,0,0,0,3,2,0,D,data/train/D/s312385244.d
0,10,0,0,0,10,0,0,0,32,6,1,0,0,0,9,0,0,0,0,0,6,1,1,D,data/train/D/s380126470.d
0,26,0,0,0,34,0,27,1,55,55,9,0,0,0,30,1,0,0,0,0,9,3,7,D,data/train/D/s733092548.d
0,37,0,0,0,46,0,37,4,62,62,9,0,0,0,32,1,0,0,0,0,12,5,7,D,data/train/D/s177023999.d
0,5,0,0,3,0,0,1,1,3,3,0,0,0,0,1,0,0,0,0,0,0,0,0,D,data/train/D/s085816632.d
0,17,0,0,8,15,0,0,0,29,22,0,0,0,0,8,0,0,0,0,0,14,6,0,D,data/train/D/s306791127.d
0,15,0,0,0,0,0,3,2,8,7,0,0,0,0,1,0,0,0,0,0,4,2,2,D,data/train/D/s264935569.d
0,11,0,0,2,0,0,3,0,7,7,0,0,0,0,15,0,0,0,0,0,5,2,0,D,data/train/D/s274468933.d
0,7,0,0,0,5,0,7,5,12,12,0,0,0,0,6,0,0,0,0,0,2,2,0,D,data/train/D/s434313103.d
0,5,0,0,0,2,0,3,0,8,8,0,0,0,0,6,0,0,0,0,0,0,1,2,D,data/train/D/s866158697.d
0,9,0,0,0,0,0,0,1,8,8,0,0,0,0,3,0,0,0,0,0,2,0,1,D,data/train/D/s586137160.d
0,15,0,0,0,6,0,0,0,15,4,1,0,0,0,8,0,0,0,0,0,0,0,0,D,data/train/D/s244710180.d
0,68,0,0,0,0,0,0,0,4,4,0,0,0,0,4,0,0,0,0,0,0,0,0,D,data/train/D/s904695037.d
0,37,0,0,0,45,0,35,4,59,59,9,0,0,0,32,1,0,0,0,0,12,4,7,D,data/train/D/s131673913.d
0,5,0,0,0,3,0,0,0,8,6,0,0,0,0,2,0,0,0,0,0,4,0,0,D,data/train/D/s831539260.d
0,14,0,0,0,5,0,0,0,17,4,1,0,0,0,8,0,0,0,0,0,0,0,0,D,data/train/D/s894229152.d
0,19,0,0,0,0,0,0,0,22,1,0,0,0,0,5,0,0,0,0,0,2,1,1,D,data/train/D/s166909213.d
0,19,1,0,0,0,0,9,0,10,10,0,0,0,0,10,0,0,0,0,0,1,6,0,D,data/train/D/s875391597.d
0,17,0,0,0,13,0,7,0,14,14,0,0,0,0,6,0,0,0,0,0,9,2,0,D,data/train/D/s079875422.d
0,8,0,0,0,5,0,0,0,19,4,1,0,0,0,7,0,0,0,0,0,2,0,0,D,data/train/D/s496740524.d
0,6,0,0,2,5,0,5,0,14,15,0,0,0,0,5,0,0,0,0,0,0,1,0,D,data/train/D/s186304925.d
0,4,0,0,0,3,0,0,0,8,8,0,0,0,0,3,0,0,0,0,0,0,1,6,D,data/train/D/s527285915.d
0,5,0,0,0,0,0,9,0,11,11,0,0,0,0,9,0,0,0,0,0,1,0,0,D,data/train/D/s557029527.d
0,12,0,0,0,19,0,7,0,12,12,0,0,0,0,2,0,0,0,0,0,12,4,0,D,data/train/D/s948905423.d
0,4,0,0,0,2,0,4,1,11,11,0,0,0,0,5,0,0,0,0,0,3,4,0,D,data/train/D/s475099904.d
0,12,0,0,2,1,0,4,1,12,12,0,0,0,0,5,0,0,0,2,0,5,1,1,D,data/train/D/s726041056.d
0,11,0,0,0,0,0,0,0,14,0,0,0,0,0,6,0,0,0,0,0,2,1,0,D,data/train/D/s691264293.d
0,25,0,0,0,6,0,0,0,27,4,1,0,0,0,8,0,0,0,0,0,11,0,0,D,data/train/D/s933092555.d
0,10,0,0,0,2,0,3,1,9,9,0,0,0,0,6,0,0,0,0,0,4,0,0,D,data/train/D/s325812957.d
0,15,0,0,0,5,0,0,0,25,4,1,0,0,0,8,0,0,0,0,0,5,0,0,D,data/train/D/s117220704.d
0,29,0,0,0,14,0,0,5,35,5,1,0,0,0,10,0,0,0,0,0,3,0,0,D,data/train/D/s100002717.d
0,6,0,0,0,5,0,0,1,16,4,1,0,0,0,7,0,0,0,0,0,1,1,0,D,data/train/D/s297494610.d
0,9,0,0,0,1,0,0,1,23,23,0,0,0,0,1,0,0,0,0,0,5,4,0,D,data/train/D/s522989136.d
0,17,0,0,11,4,0,1,3,7,7,0,0,0,0,4,0,0,0,0,0,9,0,0,D,data/train/D/s662694953.d
0,3,0,0,3,0,0,0,0,9,0,0,0,0,0,4,0,0,0,0,0,1,8,0,D,data/train/D/s309321947.d
0,12,0,0,0,0,0,0,6,9,9,0,0,0,0,1,0,0,0,0,0,4,0,0,D,data/train/D/s531815893.d
0,16,0,0,0,5,0,0,0,17,4,1,0,0,0,9,0,0,0,0,0,3,0,0,D,data/train/D/s429499712.d
0,7,0,0,0,5,0,0,0,7,6,0,0,0,0,3,0,0,0,0,0,0,0,0,D,data/train/D/s568161896.d
0,10,0,0,0,3,0,1,0,16,16,1,0,0,0,2,0,0,0,0,0,1,2,0,D,data/train/D/s895751660.d
0,26,0,0,8,6,0,14,0,26,27,0,0,0,0,1,0,0,0,0,0,7,2,0,D,data/train/D/s845597214.d
0,18,0,0,8,0,0,1,0,11,11,0,0,0,0,2,0,0,0,0,0,3,2,0,D,data/train/D/s400843397.d
0,12,2,0,0,6,0,5,0,17,17,0,0,0,0,8,0,0,0,0,0,9,5,0,D,data/train/D/s897213729.d
0,18,0,0,1,6,0,1,9,14,15,0,0,0,0,1,0,0,0,0,0,4,1,0,D,data/train/D/s437816471.d
0,7,0,0,0,5,0,7,5,12,12,0,0,0,0,6,0,0,0,0,0,2,2,0,D,data/train/D/s139643248.d
0,29,0,0,0,14,0,0,5,35,5,1,0,0,0,10,0,0,0,0,0,3,0,0,D,data/train/D/s427609148.d
0,14,0,0,3,1,0,3,0,10,10,0,0,0,0,14,0,0,0,0,0,3,0,0,D,data/train/D/s150992320.d
